cluster,predicted_class,true_class
0,5,6
0,5,6
0,5,6
0,5,6
0,5,6
0,5,6
0,5,6
0,5,6
0,5,6
0,5,6
0,5,6
0,5,6
0,5,6
0,5,6
0,5,6
0,5,6
1,5,6
1,5,6
1,5,6
1,5,6
2,5,6
2,5,6
-1,-1,6
0,5,6
1,5,6
1,5,6
1,5,6
3,5,6
3,5,6
2,5,6
3,5,6
3,5,6
3,5,6
3,5,6
3,5,6
1,5,6
1,5,6
1,5,6
-1,-1,6
1,5,6
3,5,5
3,5,5
3,5,5
3,5,5
3,5,5
3,5,5
3,5,5
3,5,5
3,5,5
3,5,5
3,5,5
3,5,5
3,5,5
3,5,5
1,5,5
1,5,5
3,5,5
3,5,5
3,5,5
3,5,5
3,5,5
3,5,5
3,5,5
2,5,5
2,5,5
3,5,5
1,5,5
1,5,5
1,5,5
1,5,5
1,5,5
1,5,5
1,5,5
1,5,5
1,5,5
1,5,5
1,5,5
1,5,5
1,5,5
1,5,5
1,5,5
1,5,5
1,5,5
1,5,5
1,5,5
1,5,5
1,5,5
1,5,5
1,5,5
1,5,5
1,5,5
1,5,5
1,5,5
1,5,5
1,5,5
1,5,5
1,5,5
1,5,5
1,5,5
1,5,5
1,5,5
1,5,5
1,5,5
1,5,5
1,5,5
1,5,5
1,5,5
1,5,5
1,5,5
1,5,5
1,5,5
1,5,5
1,5,5
1,5,5
3,5,5
3,5,5
3,5,5
3,5,5
3,5,5
2,5,6
2,5,6
2,5,6
4,5,6
4,5,6
4,5,6
-1,-1,6
2,5,6
2,5,6
2,5,6
2,5,6
2,5,6
-1,-1,6
0,5,6
1,5,6
-1,-1,6
-1,-1,6
-1,-1,6
0,5,6
0,5,6
0,5,6
0,5,6
0,5,6
0,5,6
0,5,6
3,5,6
3,5,6
1,5,6
1,5,6
1,5,6
1,5,6
1,5,6
1,5,6
1,5,6
1,5,6
2,5,6
0,5,6
0,5,6
0,5,6
0,5,6
0,5,6
0,5,5
0,5,5
5,5,5
5,5,5
0,5,5
0,5,5
0,5,5
0,5,5
0,5,5
0,5,5
0,5,5
0,5,5
0,5,5
5,5,5
5,5,5
0,5,5
0,5,5
0,5,5
0,5,5
0,5,5
0,5,5
2,5,5
2,5,5
2,5,5
2,5,5
0,5,5
0,5,5
0,5,5
0,5,5
0,5,5
0,5,5
0,5,5
0,5,5
0,5,5
0,5,5
0,5,5
0,5,5
0,5,5
0,5,5
0,5,5
0,5,5
0,5,5
0,5,5
0,5,5
0,5,5
0,5,5
0,5,5
0,5,5
0,5,5
2,5,5
2,5,5
2,5,5
2,5,5
0,5,5
0,5,5
0,5,5
0,5,5
0,5,5
0,5,5
0,5,5
5,5,5
5,5,5
0,5,5
0,5,5
0,5,5
0,5,5
0,5,5
0,5,5
0,5,5
0,5,5
2,5,5
2,5,5
2,5,5
2,5,5
2,5,5
0,5,5
0,5,5
0,5,5
3,5,5
3,5,5
3,5,5
3,5,5
3,5,5
3,5,5
3,5,5
3,5,5
3,5,5
3,5,5
3,5,5
3,5,5
3,5,5
3,5,5
3,5,5
3,5,5
3,5,5
3,5,5
3,5,5
3,5,5
3,5,5
3,5,5
3,5,5
3,5,5
3,5,5
3,5,5
3,5,5
3,5,5
3,5,5
3,5,5
3,5,5
3,5,5
3,5,5
3,5,5
3,5,5
3,5,5
3,5,5
3,5,5
3,5,5
3,5,5
3,5,5
3,5,5
2,5,5
2,5,5
2,5,5
2,5,5
2,5,5
2,5,5
2,5,5
2,5,5
2,5,5
2,5,5
2,5,5
2,5,5
2,5,5
2,5,5
2,5,5
2,5,5
2,5,5
2,5,5
2,5,5
2,5,5
2,5,5
2,5,5
2,5,5
2,5,5
2,5,5
2,5,5
2,5,5
2,5,5
2,5,5
2,5,5
2,5,5
2,5,5
2,5,5
2,5,5
2,5,5
2,5,5
2,5,5
2,5,5
2,5,5
2,5,5
2,5,5
2,5,5
2,5,5
2,5,5
2,5,5
2,5,5
2,5,5
2,5,5
2,5,5
2,5,5
3,5,5
0,5,5
0,5,5
0,5,5
0,5,5
0,5,5
0,5,5
0,5,5
0,5,5
0,5,5
0,5,5
0,5,5
0,5,5
0,5,5
4,5,5
4,5,5
2,5,5
2,5,5
2,5,5
2,5,5
2,5,5
2,5,5
2,5,5
2,5,5
2,5,5
3,5,5
1,5,5
1,5,5
1,5,5
1,5,5
1,5,5
1,5,5
1,5,5
1,5,5
1,5,5
1,5,5
1,5,5
1,5,5
1,5,5
1,5,5
1,5,5
1,5,5
1,5,5
1,5,5
1,5,5
1,5,5
1,5,5
1,5,5
1,5,5
1,5,5
1,5,5
1,5,5
1,5,5
1,5,5
3,5,5
3,5,5
3,5,5
3,5,5
3,5,5
3,5,5
3,5,5
3,5,5
3,5,5
3,5,5
1,5,5
3,5,5
3,5,5
1,5,5
1,5,5
1,5,5
1,5,5
1,5,5
1,5,5
1,5,5
1,5,5
1,5,5
1,5,5
1,5,5
1,5,5
1,5,5
1,5,5
1,5,5
1,5,5
1,5,5
1,5,5
1,5,5
1,5,5
1,5,5
1,5,5
1,5,5
1,5,5
1,5,5
1,5,5
1,5,5
1,5,5
1,5,5
1,5,5
1,5,5
1,5,5
1,5,5
1,5,5
1,5,5
1,5,5
1,5,5
1,5,5
1,5,5
1,5,5
1,5,5
1,5,5
1,5,5
1,5,5
1,5,5
1,5,5
1,5,5
1,5,5
1,5,5
1,5,5
1,5,5
1,5,5
1,5,5
1,5,5
1,5,5
1,5,5
1,5,5
1,5,5
1,5,5
1,5,5
1,5,5
1,5,5
1,5,5
1,5,5
1,5,5
1,5,5
1,5,5
1,5,5
1,5,5
1,5,5
1,5,5
1,5,5
1,5,5
1,5,5
1,5,5
1,5,5
1,5,5
1,5,5
1,5,5
1,5,5
0,5,6
0,5,6
4,5,6
4,5,6
4,5,6
4,5,6
4,5,6
4,5,6
4,5,6
4,5,6
4,5,6
4,5,6
4,5,6
4,5,6
4,5,6
2,5,6
2,5,6
2,5,6
2,5,6
2,5,6
2,5,6
-1,-1,6
-1,-1,6
4,5,5
4,5,5
4,5,5
4,5,5
4,5,5
4,5,5
4,5,5
4,5,5
4,5,5
4,5,5
4,5,5
4,5,5
4,5,5
4,5,5
4,5,5
4,5,5
4,5,5
4,5,5
4,5,5
4,5,5
4,5,5
4,5,5
4,5,5
4,5,5
2,5,5
2,5,5
2,5,5
3,5,5
3,5,5
3,5,5
3,5,5
1,5,5
1,5,5
1,5,5
1,5,5
3,5,5
3,5,5
2,5,5
3,5,5
3,5,5
2,5,5
3,5,5
3,5,5
3,5,5
3,5,5
3,5,5
3,5,5
3,5,5
3,5,5
3,5,5
3,5,5
3,5,5
3,5,5
3,5,5
3,5,5
3,5,5
3,5,5
3,5,5
3,5,5
3,5,5
3,5,5
1,5,5
1,5,5
1,5,5
1,5,5
1,5,5
1,5,5
1,5,5
1,5,5
1,5,5
1,5,5
1,5,5
1,5,5
1,5,5
1,5,5
1,5,5
1,5,5
1,5,5
1,5,5
1,5,5
1,5,5
1,5,5
1,5,5
-1,-1,6
-1,-1,6
0,5,6
0,5,6
0,5,6
0,5,6
0,5,6
0,5,6
0,5,6
0,5,6
0,5,6
0,5,6
0,5,6
0,5,6
0,5,6
0,5,6
0,5,6
0,5,6
0,5,6
0,5,6
0,5,6
-1,-1,6
0,5,6
0,5,6
0,5,6
0,5,6
0,5,6
0,5,6
0,5,6
2,5,6
1,5,6
1,5,6
1,5,6
1,5,6
1,5,6
1,5,6
1,5,6
1,5,6
1,5,6
1,5,6
1,5,6
1,5,6
2,5,5
3,5,5
3,5,5
3,5,5
3,5,5
3,5,5
3,5,5
3,5,5
3,5,5
3,5,5
3,5,5
2,5,5
2,5,5
2,5,5
2,5,5
3,5,5
2,5,5
3,5,5
3,5,5
3,5,5
3,5,5
3,5,5
3,5,5
3,5,5
3,5,5
3,5,5
3,5,5
3,5,5
3,5,5
3,5,5
3,5,5
2,5,5
3,5,5
3,5,5
3,5,5
3,5,5
3,5,5
3,5,5
3,5,5
0,5,5
3,5,5
3,5,5
3,5,5
3,5,5
3,5,5
3,5,5
3,5,5
3,5,5
3,5,5
3,5,5
3,5,5
3,5,5
3,5,5
3,5,5
1,5,5
1,5,5
3,5,5
3,5,5
-1,-1,5
3,5,5
2,5,5
2,5,5
2,5,5
2,5,5
2,5,5
2,5,5
2,5,5
2,5,5
2,5,5
2,5,5
2,5,5
3,5,5
3,5,5
3,5,5
3,5,5
3,5,5
3,5,5
2,5,5
2,5,5
2,5,5
2,5,5
3,5,5
2,5,5
2,5,5
2,5,5
2,5,5
2,5,5
2,5,5
2,5,5
2,5,5
2,5,5
3,5,5
3,5,5
3,5,5
3,5,5
3,5,5
2,5,5
2,5,5
2,5,5
2,5,5
3,5,5
3,5,5
3,5,5
3,5,5
3,5,5
3,5,5
3,5,5
3,5,5
3,5,5
3,5,5
3,5,5
3,5,5
3,5,5
3,5,5
3,5,5
3,5,5
3,5,5
3,5,5
4,5,5
4,5,5
4,5,5
4,5,5
4,5,5
4,5,5
4,5,5
4,5,5
4,5,5
4,5,5
4,5,5
4,5,5
4,5,5
4,5,5
4,5,5
4,5,5
4,5,5
4,5,5
4,5,5
4,5,5
4,5,5
4,5,5
4,5,5
4,5,5
4,5,5
4,5,5
4,5,5
4,5,5
4,5,5
4,5,5
4,5,5
4,5,5
4,5,5
4,5,5
4,5,5
4,5,5
4,5,5
4,5,5
4,5,5
4,5,5
4,5,5
2,5,5
2,5,5
2,5,5
2,5,5
2,5,5
2,5,5
2,5,5
2,5,5
2,5,5
2,5,5
2,5,5
2,5,5
2,5,5
2,5,5
2,5,5
2,5,5
2,5,5
2,5,5
2,5,5
2,5,5
2,5,5
2,5,5
2,5,5
2,5,5
2,5,5
2,5,5
2,5,5
2,5,5
2,5,5
2,5,5
2,5,5
2,5,5
2,5,5
2,5,5
2,5,5
2,5,5
2,5,5
2,5,5
2,5,5
2,5,5
2,5,5
0,5,5
0,5,5
0,5,5
0,5,5
0,5,5
0,5,5
0,5,5
0,5,5
0,5,5
0,5,5
0,5,5
0,5,5
0,5,5
0,5,5
0,5,5
0,5,5
0,5,5
0,5,5
0,5,5
0,5,5
0,5,5
0,5,5
0,5,5
6,7,7
6,7,7
6,7,7
6,7,7
6,7,7
6,7,7
6,7,7
-1,-1,7
6,7,7
6,7,7
6,7,7
7,7,7
7,7,7
7,7,7
6,7,7
6,7,7
1,5,7
1,5,7
1,5,7
1,5,7
1,5,7
1,5,7
1,5,7
1,5,7
1,5,7
1,5,7
1,5,7
1,5,7
1,5,7
6,7,7
1,5,7
6,7,7
7,7,7
6,7,7
6,7,7
1,5,7
1,5,7
1,5,7
1,5,7
1,5,7
1,5,7
6,7,7
6,7,7
2,5,6
2,5,6
2,5,6
2,5,6
2,5,6
2,5,6
2,5,6
2,5,6
2,5,6
2,5,6
8,5,6
2,5,6
2,5,6
2,5,6
2,5,6
2,5,6
2,5,6
2,5,6
2,5,6
2,5,6
2,5,6
2,5,6
2,5,6
2,5,6
-1,-1,6
-1,-1,6
2,5,6
2,5,6
4,5,6
4,5,6
2,5,6
2,5,6
2,5,6
2,5,6
2,5,6
0,5,6
0,5,6
0,5,6
8,5,7
1,5,7
1,5,7
2,5,7
-1,-1,7
1,5,7
1,5,7
1,5,7
7,7,7
6,7,7
6,7,7
6,7,7
6,7,7
6,7,7
6,7,7
6,7,7
7,7,7
-1,-1,7
7,7,7
7,7,7
6,7,7
7,7,7
6,7,7
6,7,7
6,7,7
6,7,7
6,7,7
6,7,7
6,7,7
6,7,7
-1,-1,7
6,7,7
1,5,7
6,7,7
7,7,7
6,7,7
7,7,7
6,7,7
6,7,7
-1,-1,7
6,7,7
-1,-1,7
6,7,7
6,7,7
7,7,7
6,7,7
6,7,7
6,7,7
6,7,7
6,7,7
7,7,7
6,7,7
6,7,7
6,7,7
7,7,7
6,7,7
7,7,7
7,7,7
6,7,7
6,7,7
-1,-1,7
6,7,7
7,7,7
6,7,7
6,7,7
6,7,7
6,7,7
6,7,7
-1,-1,7
6,7,7
7,7,7
6,7,7
7,7,7
6,7,7
6,7,7
6,7,7
6,7,7
6,7,7
6,7,7
7,7,7
1,5,7
1,5,7
1,5,7
6,7,7
6,7,7
6,7,7
6,7,7
6,7,7
6,7,7
-1,-1,7
6,7,7
1,5,7
-1,-1,7
-1,-1,7
1,5,7
6,7,7
6,7,7
6,7,7
7,7,7
6,7,7
6,7,7
6,7,7
6,7,7
9,7,7
6,7,7
6,7,7
7,7,7
6,7,7
6,7,7
6,7,7
6,7,7
7,7,7
6,7,7
-1,-1,7
6,7,7
3,5,5
3,5,5
3,5,5
3,5,5
3,5,5
3,5,5
3,5,5
3,5,5
3,5,5
3,5,5
3,5,5
10,5,5
3,5,5
10,5,5
10,5,5
10,5,5
10,5,5
10,5,5
10,5,5
3,5,5
10,5,5
10,5,5
10,5,5
10,5,5
10,5,5
10,5,5
10,5,5
10,5,5
10,5,5
10,5,5
10,5,5
10,5,5
10,5,5
10,5,5
10,5,5
10,5,5
10,5,5
10,5,5
10,5,5
10,5,5
2,5,6
2,5,6
2,5,6
2,5,6
3,5,6
2,5,6
2,5,6
2,5,6
2,5,6
2,5,6
0,5,6
0,5,6
0,5,6
0,5,6
0,5,6
0,5,6
0,5,6
0,5,6
0,5,6
0,5,6
0,5,6
0,5,6
0,5,6
0,5,6
2,5,6
2,5,6
2,5,6
2,5,6
2,5,6
0,5,6
3,5,5
0,5,5
3,5,5
3,5,5
3,5,5
3,5,5
3,5,5
3,5,5
3,5,5
3,5,5
0,5,5
3,5,5
3,5,5
3,5,5
3,5,5
3,5,5
2,5,5
3,5,5
2,5,5
3,5,5
0,5,5
0,5,5
0,5,5
0,5,5
0,5,5
0,5,5
0,5,5
0,5,5
0,5,5
0,5,5
0,5,5
0,5,5
0,5,5
0,5,5
0,5,5
0,5,5
0,5,5
0,5,5
0,5,5
0,5,5
0,5,5
0,5,5
3,5,4
3,5,4
3,5,4
3,5,4
3,5,4
3,5,4
3,5,4
3,5,4
3,5,4
3,5,4
3,5,4
3,5,4
3,5,4
3,5,4
3,5,4
3,5,4
3,5,4
3,5,4
3,5,4
3,5,4
3,5,4
3,5,4
3,5,4
3,5,4
3,5,4
3,5,4
3,5,4
3,5,4
3,5,4
3,5,4
3,5,4
3,5,4
3,5,4
3,5,4
3,5,4
3,5,4
3,5,4
3,5,4
3,5,4
3,5,5
2,5,5
2,5,5
2,5,5
2,5,5
2,5,5
2,5,5
2,5,5
2,5,5
3,5,5
3,5,5
3,5,5
1,5,5
1,5,5
1,5,5
1,5,5
1,5,5
8,5,5
8,5,5
8,5,5
2,5,5
2,5,5
2,5,5
2,5,5
2,5,5
3,5,5
3,5,5
3,5,5
3,5,5
3,5,5
1,5,5
1,5,5
1,5,5
1,5,5
1,5,5
1,5,5
0,5,5
0,5,5
0,5,5
3,5,5
3,5,5
3,5,5
3,5,5
0,5,5
0,5,5
0,5,5
0,5,5
0,5,5
0,5,5
0,5,5
0,5,5
0,5,5
0,5,5
0,5,5
0,5,5
3,5,5
3,5,5
3,5,5
3,5,5
2,5,5
2,5,5
3,5,5
1,5,5
1,5,5
1,5,5
1,5,5
1,5,5
1,5,5
1,5,5
1,5,5
1,5,5
1,5,5
1,5,5
1,5,5
1,5,5
1,5,5
3,5,5
0,5,5
0,5,5
0,5,5
0,5,5
0,5,5
0,5,5
0,5,5
0,5,5
0,5,5
0,5,5
0,5,5
0,5,5
0,5,5
0,5,5
0,5,5
0,5,5
0,5,5
0,5,5
0,5,5
0,5,5
0,5,5
0,5,5
0,5,5
0,5,5
0,5,5
0,5,5
0,5,5
0,5,5
0,5,5
0,5,5
0,5,5
0,5,5
0,5,5
0,5,5
0,5,5
0,5,5
0,5,5
0,5,5
0,5,5
0,5,5
0,5,5
0,5,5
0,5,5
0,5,5
0,5,5
0,5,5
0,5,5
0,5,5
0,5,5
0,5,5
0,5,5
0,5,5
0,5,5
0,5,5
0,5,5
0,5,5
0,5,5
0,5,5
0,5,5
0,5,5
0,5,5
0,5,5
0,5,5
0,5,5
0,5,5
0,5,5
0,5,5
0,5,5
0,5,5
0,5,5
0,5,5
0,5,5
0,5,5
0,5,5
0,5,5
0,5,5
0,5,5
0,5,5
0,5,5
0,5,5
0,5,5
0,5,5
0,5,5
11,2,2
12,2,2
12,2,2
12,2,2
12,2,2
12,2,2
12,2,2
12,2,2
12,2,2
12,2,2
12,2,2
12,2,2
12,2,2
12,2,2
12,2,2
12,2,2
12,2,2
12,2,2
12,2,2
12,2,2
12,2,2
12,2,2
12,2,2
12,2,2
12,2,2
12,2,2
12,2,2
12,2,2
12,2,2
12,2,2
12,2,2
12,2,2
12,2,2
12,2,2
12,2,2
12,2,2
12,2,2
12,2,2
12,2,2
12,2,2
12,2,2
12,2,2
12,2,2
12,2,2
12,2,2
12,2,2
12,2,2
12,2,2
12,2,2
12,2,2
12,2,2
12,2,2
12,2,2
12,2,2
12,2,2
12,2,2
12,2,2
12,2,2
12,2,2
12,2,2
12,2,2
12,2,2
12,2,2
12,2,2
12,2,2
12,2,2
12,2,2
12,2,2
12,2,2
12,2,2
12,2,2
12,2,2
12,2,2
12,2,2
12,2,2
12,2,2
12,2,2
12,2,2
12,2,2
12,2,2
12,2,2
12,2,2
12,2,2
12,2,2
12,2,2
12,2,2
12,2,2
12,2,2
12,2,2
12,2,2
12,2,2
12,2,2
12,2,2
13,2,2
13,2,2
13,2,2
12,2,2
13,2,2
13,2,2
13,2,2
13,2,2
13,2,2
13,2,2
13,2,2
12,2,2
12,2,2
12,2,2
12,2,2
12,2,2
12,2,2
12,2,2
12,2,2
12,2,2
12,2,2
12,2,2
12,2,2
12,2,2
12,2,2
12,2,2
12,2,2
12,2,2
12,2,2
12,2,2
12,2,2
12,2,2
12,2,2
12,2,2
12,2,2
12,2,2
12,2,2
12,2,2
12,2,2
12,2,2
12,2,2
12,2,2
12,2,2
12,2,2
12,2,2
12,2,2
12,2,2
12,2,2
12,2,2
12,2,2
12,2,2
12,2,2
12,2,2
12,2,2
12,2,2
12,2,2
12,2,2
12,2,2
12,2,2
12,2,2
13,2,2
13,2,2
13,2,2
13,2,2
13,2,2
13,2,2
12,2,2
12,2,2
12,2,2
13,2,2
13,2,2
13,2,2
12,2,2
12,2,2
12,2,2
12,2,2
12,2,2
13,2,2
12,2,2
12,2,2
12,2,2
12,2,2
12,2,2
12,2,2
12,2,2
12,2,2
12,2,2
12,2,2
12,2,2
12,2,2
12,2,2
12,2,2
12,2,2
12,2,2
14,2,2
12,2,2
12,2,2
12,2,2
12,2,2
12,2,2
12,2,2
12,2,2
12,2,2
12,2,2
12,2,2
12,2,2
12,2,2
12,2,2
12,2,2
12,2,2
12,2,2
12,2,2
12,2,2
12,2,2
12,2,2
12,2,2
12,2,2
12,2,2
12,2,2
13,2,2
13,2,2
13,2,2
1,5,2
13,2,2
1,5,2
13,2,2
1,5,2
13,2,2
12,2,2
12,2,2
12,2,2
12,2,2
12,2,2
12,2,2
12,2,2
12,2,2
12,2,2
12,2,2
12,2,2
12,2,2
12,2,2
12,2,2
12,2,2
12,2,2
12,2,2
12,2,2
12,2,2
12,2,2
12,2,2
12,2,2
12,2,2
12,2,2
12,2,2
12,2,2
12,2,2
12,2,2
12,2,2
12,2,2
12,2,2
12,2,2
12,2,2
12,2,2
12,2,2
12,2,2
13,2,2
13,2,2
13,2,2
13,2,2
13,2,2
13,2,2
13,2,2
13,2,2
13,2,2
13,2,2
13,2,2
13,2,2
13,2,2
13,2,2
13,2,2
12,2,2
12,2,2
12,2,2
12,2,2
12,2,2
12,2,2
12,2,2
12,2,2
12,2,2
12,2,2
12,2,2
12,2,2
12,2,2
12,2,2
12,2,2
12,2,2
12,2,2
12,2,2
12,2,2
12,2,2
12,2,2
12,2,2
12,2,2
12,2,2
12,2,2
12,2,2
12,2,2
12,2,2
12,2,2
12,2,2
12,2,2
12,2,2
12,2,2
12,2,2
12,2,2
12,2,2
12,2,2
12,2,2
12,2,2
12,2,2
12,2,2
12,2,2
12,2,2
12,2,2
12,2,2
12,2,2
12,2,2
12,2,2
12,2,2
12,2,2
12,2,2
12,2,2
12,2,2
12,2,2
12,2,2
12,2,2
12,2,2
12,2,2
12,2,2
12,2,2
12,2,2
12,2,2
12,2,2
12,2,2
12,2,2
12,2,2
12,2,2
12,2,2
12,2,2
12,2,2
12,2,2
12,2,2
12,2,2
12,2,2
12,2,2
12,2,2
12,2,2
12,2,2
12,2,2
12,2,2
12,2,2
12,2,2
-1,-1,2
12,2,2
12,2,2
12,2,2
12,2,2
12,2,2
12,2,2
12,2,2
12,2,2
12,2,2
12,2,2
12,2,2
12,2,2
12,2,2
13,2,2
13,2,2
13,2,2
13,2,2
13,2,2
-1,-1,2
-1,-1,2
13,2,2
-1,-1,2
13,2,2
12,2,2
12,2,2
12,2,2
12,2,2
12,2,2
12,2,2
12,2,2
12,2,2
12,2,2
12,2,2
12,2,2
12,2,2
12,2,2
12,2,2
12,2,2
12,2,2
12,2,2
12,2,2
12,2,2
12,2,2
12,2,2
12,2,2
12,2,2
12,2,2
12,2,2
12,2,2
12,2,2
12,2,2
12,2,2
12,2,2
12,2,2
12,2,2
12,2,2
12,2,2
12,2,2
12,2,2
12,2,2
12,2,2
12,2,2
12,2,2
12,2,2
12,2,2
12,2,2
12,2,2
12,2,2
12,2,2
12,2,2
12,2,2
12,2,2
12,2,2
12,2,2
12,2,2
12,2,2
13,2,2
12,2,2
12,2,2
12,2,2
12,2,2
12,2,2
12,2,2
12,2,2
12,2,2
12,2,2
12,2,2
12,2,2
12,2,2
12,2,2
12,2,2
12,2,2
12,2,2
12,2,2
12,2,2
12,2,2
12,2,2
12,2,2
12,2,2
12,2,2
12,2,2
12,2,2
12,2,2
12,2,2
12,2,2
12,2,2
12,2,2
12,2,2
12,2,2
12,2,2
12,2,2
12,2,2
13,2,2
12,2,2
12,2,2
13,2,2
13,2,2
12,2,2
12,2,2
11,2,2
-1,-1,2
11,2,2
12,2,2
13,2,2
13,2,2
13,2,2
13,2,2
13,2,2
13,2,2
12,2,2
12,2,2
12,2,2
12,2,2
12,2,2
12,2,2
12,2,2
12,2,2
12,2,2
12,2,2
12,2,2
12,2,2
12,2,2
12,2,2
12,2,2
12,2,2
12,2,2
12,2,2
12,2,2
12,2,2
12,2,2
12,2,2
12,2,2
12,2,2
12,2,2
12,2,2
12,2,2
12,2,2
12,2,2
12,2,2
12,2,2
12,2,2
12,2,2
12,2,2
12,2,2
12,2,2
12,2,2
12,2,2
12,2,2
12,2,2
12,2,2
12,2,2
12,2,2
12,2,2
12,2,2
12,2,2
12,2,2
12,2,2
12,2,2
11,2,2
11,2,2
12,2,2
12,2,2
12,2,2
12,2,2
12,2,2
12,2,2
12,2,2
12,2,2
12,2,2
12,2,2
12,2,2
12,2,2
12,2,2
12,2,2
12,2,2
12,2,2
12,2,2
12,2,2
12,2,2
12,2,2
12,2,2
12,2,2
12,2,2
12,2,2
12,2,2
12,2,2
12,2,2
12,2,2
12,2,2
12,2,2
12,2,2
12,2,2
12,2,2
12,2,2
12,2,2
12,2,2
12,2,2
12,2,2
12,2,2
12,2,2
12,2,2
12,2,2
12,2,2
11,2,2
12,2,2
12,2,2
12,2,2
12,2,2
12,2,2
12,2,2
12,2,2
12,2,2
12,2,2
12,2,2
12,2,2
12,2,2
12,2,2
12,2,2
12,2,2
12,2,2
12,2,2
12,2,2
12,2,2
12,2,2
12,2,2
12,2,2
12,2,2
12,2,2
12,2,2
12,2,2
12,2,2
12,2,2
12,2,2
12,2,2
12,2,2
12,2,2
12,2,2
12,2,2
12,2,2
12,2,2
12,2,2
12,2,2
12,2,2
12,2,2
12,2,2
12,2,2
12,2,2
12,2,2
12,2,2
12,2,2
12,2,2
12,2,2
12,2,2
12,2,2
12,2,2
12,2,2
12,2,2
12,2,2
12,2,2
12,2,2
12,2,2
12,2,2
12,2,2
12,2,2
12,2,2
12,2,2
12,2,2
12,2,2
12,2,2
12,2,2
12,2,2
12,2,2
12,2,2
12,2,2
12,2,2
12,2,2
12,2,2
12,2,2
12,2,2
12,2,2
12,2,2
12,2,2
12,2,2
12,2,2
12,2,2
12,2,2
12,2,2
12,2,2
12,2,2
12,2,2
12,2,2
14,2,2
14,2,2
14,2,2
14,2,2
14,2,2
-1,-1,2
14,2,2
14,2,2
17,2,2
-1,-1,2
12,2,2
12,2,2
12,2,2
12,2,2
12,2,2
12,2,2
12,2,2
12,2,2
12,2,2
12,2,2
12,2,2
12,2,2
12,2,2
12,2,2
12,2,2
12,2,2
12,2,2
12,2,2
12,2,2
12,2,2
12,2,2
12,2,2
12,2,2
12,2,2
12,2,2
12,2,2
12,2,2
12,2,2
12,2,2
12,2,2
12,2,2
14,2,2
12,2,2
12,2,2
12,2,2
12,2,2
12,2,2
12,2,2
12,2,2
12,2,2
12,2,2
12,2,2
12,2,2
12,2,2
12,2,2
12,2,2
12,2,2
12,2,2
12,2,2
12,2,2
12,2,2
12,2,2
12,2,2
12,2,2
12,2,2
12,2,2
12,2,2
12,2,2
12,2,2
12,2,2
12,2,2
12,2,2
12,2,2
12,2,2
12,2,2
12,2,2
12,2,2
12,2,2
12,2,2
12,2,2
12,2,2
12,2,2
12,2,2
12,2,1
12,2,1
12,2,1
12,2,1
12,2,1
12,2,1
12,2,1
12,2,1
11,2,1
12,2,1
12,2,1
12,2,1
11,2,1
12,2,1
12,2,1
12,2,1
12,2,1
12,2,1
12,2,1
12,2,1
12,2,1
12,2,1
12,2,1
12,2,1
12,2,1
12,2,1
12,2,1
12,2,1
12,2,1
12,2,1
11,2,1
12,2,1
12,2,1
12,2,1
12,2,1
12,2,1
12,2,1
12,2,1
11,2,1
12,2,1
12,2,1
13,2,1
13,2,1
13,2,1
12,2,1
11,2,1
13,2,1
12,2,1
12,2,1
12,2,1
12,2,1
13,2,1
12,2,1
12,2,1
12,2,1
13,2,1
13,2,1
13,2,1
12,2,1
12,2,1
12,2,1
12,2,1
12,2,1
12,2,1
12,2,1
12,2,1
13,2,1
12,2,1
12,2,1
12,2,1
12,2,1
12,2,1
12,2,1
12,2,1
12,2,1
12,2,1
12,2,1
12,2,1
13,2,1
13,2,1
12,2,1
12,2,1
13,2,1
12,2,1
12,2,1
12,2,1
13,2,1
12,2,1
12,2,1
12,2,1
12,2,1
12,2,1
12,2,1
12,2,1
12,2,1
13,2,1
12,2,1
12,2,1
12,2,1
12,2,1
12,2,1
12,2,1
12,2,1
12,2,1
12,2,1
12,2,1
12,2,1
13,2,1
12,2,1
12,2,1
12,2,1
12,2,1
12,2,1
12,2,1
12,2,1
12,2,1
12,2,1
12,2,1
12,2,1
12,2,1
12,2,1
15,2,2
15,2,2
15,2,2
16,2,2
16,2,2
16,2,2
15,2,2
15,2,2
16,2,2
15,2,2
16,2,2
1,5,2
16,2,2
15,2,2
16,2,2
15,2,2
15,2,2
15,2,2
15,2,2
15,2,2
15,2,2
15,2,2
15,2,2
15,2,2
15,2,2
15,2,2
15,2,2
15,2,2
15,2,2
15,2,2
15,2,2
15,2,2
15,2,2
15,2,2
15,2,2
15,2,2
14,2,2
15,2,2
15,2,2
15,2,2
12,2,2
12,2,2
16,2,2
16,2,2
15,2,2
15,2,2
15,2,2
15,2,2
15,2,2
15,2,2
15,2,2
15,2,2
15,2,2
15,2,2
12,2,2
15,2,2
15,2,2
15,2,2
15,2,2
15,2,2
1,5,2
15,2,2
15,2,2
15,2,2
17,2,2
15,2,2
15,2,2
15,2,2
15,2,2
15,2,2
13,2,2
16,2,2
16,2,2
12,2,2
12,2,2
12,2,2
12,2,2
15,2,2
15,2,2
15,2,2
12,2,2
16,2,2
15,2,2
16,2,2
15,2,2
15,2,2
16,2,2
15,2,2
15,2,2
15,2,2
15,2,2
15,2,2
15,2,2
15,2,2
15,2,2
15,2,2
12,2,2
12,2,2
12,2,2
12,2,2
16,2,2
15,2,2
15,2,2
15,2,2
15,2,2
15,2,2
15,2,2
15,2,2
15,2,1
12,2,1
-1,-1,1
12,2,1
12,2,1
12,2,1
12,2,1
12,2,1
0,5,1
12,2,1
12,2,1
12,2,1
12,2,1
12,2,1
12,2,1
12,2,1
12,2,1
15,2,1
12,2,1
12,2,1
12,2,1
15,2,1
15,2,1
15,2,1
15,2,1
15,2,1
15,2,1
12,2,1
12,2,1
12,2,1
12,2,1
12,2,1
12,2,1
1,5,1
12,2,1
12,2,1
12,2,1
12,2,1
12,2,1
12,2,1
12,2,1
12,2,1
12,2,1
15,2,1
12,2,1
12,2,1
12,2,1
12,2,1
12,2,1
12,2,1
12,2,1
12,2,1
12,2,1
13,2,1
12,2,1
16,2,1
13,2,2
12,2,2
17,2,2
15,2,2
15,2,2
15,2,2
12,2,2
12,2,2
15,2,2
15,2,2
15,2,2
12,2,2
15,2,2
15,2,2
15,2,2
15,2,2
15,2,2
15,2,2
15,2,2
15,2,2
15,2,2
15,2,2
15,2,2
15,2,2
15,2,2
15,2,2
15,2,2
15,2,2
15,2,2
15,2,2
15,2,2
15,2,2
15,2,2
0,5,2
15,2,2
12,2,2
0,5,2
12,2,2
18,2,2
15,2,2
0,5,2
15,2,2
15,2,2
15,2,2
15,2,2
15,2,2
15,2,2
12,2,2
12,2,2
12,2,2
12,2,2
12,2,2
12,2,2
12,2,2
15,2,2
12,2,2
15,2,2
15,2,2
18,2,2
15,2,2
18,2,2
18,2,2
15,2,2
18,2,2
15,2,2
15,2,2
15,2,2
15,2,2
15,2,2
15,2,2
15,2,2
15,2,2
15,2,2
15,2,2
12,2,2
18,2,2
12,2,2
14,2,2
15,2,2
15,2,2
15,2,2
12,2,2
15,2,2
12,2,2
12,2,2
12,2,2
12,2,2
15,2,2
15,2,2
15,2,2
15,2,2
15,2,2
15,2,2
15,2,2
12,2,2
12,2,2
15,2,2
12,2,2
15,2,2
15,2,2
15,2,2
15,2,2
15,2,2
15,2,2
15,2,2
15,2,2
15,2,2
15,2,2
15,2,2
15,2,2
12,2,2
12,2,2
15,2,2
15,2,2
15,2,2
15,2,2
15,2,2
15,2,2
15,2,2
15,2,2
15,2,2
15,2,2
15,2,2
15,2,2
15,2,2
15,2,2
15,2,2
15,2,2
15,2,2
15,2,2
15,2,2
15,2,2
12,2,2
15,2,2
15,2,2
15,2,2
15,2,2
0,5,2
15,2,2
15,2,2
15,2,2
16,2,2
18,2,2
15,2,2
18,2,2
18,2,2
18,2,2
15,2,2
18,2,2
15,2,2
15,2,2
15,2,2
1,5,2
15,2,2
15,2,2
15,2,2
15,2,2
15,2,2
15,2,2
15,2,2
15,2,2
15,2,2
15,2,2
15,2,2
15,2,2
15,2,2
15,2,2
15,2,2
15,2,2
15,2,2
15,2,2
15,2,2
15,2,2
15,2,2
15,2,2
15,2,2
12,2,2
1,5,2
15,2,2
0,5,2
12,2,2
12,2,2
12,2,2
0,5,2
-1,-1,2
15,2,2
15,2,2
15,2,2
15,2,2
15,2,2
15,2,2
15,2,2
15,2,2
15,2,2
15,2,2
15,2,2
15,2,2
15,2,2
15,2,2
15,2,2
15,2,2
15,2,2
12,2,2
15,2,2
15,2,2
15,2,2
15,2,2
15,2,2
15,2,2
15,2,2
15,2,1
15,2,1
15,2,1
15,2,1
15,2,1
15,2,1
15,2,1
15,2,1
15,2,1
15,2,1
15,2,1
15,2,1
15,2,1
15,2,1
15,2,1
15,2,1
15,2,1
15,2,1
15,2,1
15,2,1
15,2,1
15,2,1
15,2,1
15,2,1
15,2,1
15,2,1
15,2,1
15,2,1
15,2,1
15,2,1
15,2,1
15,2,1
15,2,1
15,2,1
1,5,1
15,2,1
15,2,1
15,2,1
15,2,1
15,2,1
15,2,1
15,2,2
15,2,2
15,2,2
15,2,2
15,2,2
15,2,2
15,2,2
15,2,2
15,2,2
15,2,2
15,2,2
18,2,2
12,2,2
12,2,2
12,2,2
12,2,2
12,2,2
15,2,2
1,5,2
12,2,2
18,2,2
18,2,2
15,2,2
12,2,2
18,2,2
12,2,2
18,2,2
15,2,2
15,2,2
15,2,2
15,2,2
15,2,2
15,2,2
15,2,2
15,2,2
15,2,2
15,2,2
15,2,2
15,2,2
15,2,2
15,2,2
15,2,2
15,2,2
15,2,2
15,2,2
15,2,2
15,2,2
15,2,2
15,2,2
15,2,2
15,2,2
15,2,2
16,2,2
16,2,2
15,2,2
15,2,2
15,2,2
12,2,2
-1,-1,2
12,2,2
15,2,2
15,2,2
15,2,2
15,2,2
15,2,2
15,2,2
15,2,2
15,2,2
15,2,2
15,2,2
15,2,2
15,2,2
12,2,2
15,2,2
12,2,2
15,2,2
12,2,2
15,2,2
15,2,2
15,2,2
15,2,2
15,2,2
15,2,2
15,2,2
15,2,2
15,2,2
15,2,2
15,2,2
15,2,2
15,2,2
15,2,2
15,2,2
15,2,2
15,2,2
15,2,2
15,2,2
15,2,2
12,2,2
15,2,2
15,2,2
15,2,2
15,2,2
15,2,2
15,2,2
15,2,2
15,2,2
15,2,2
12,2,2
15,2,2
15,2,2
15,2,2
15,2,2
15,2,2
15,2,2
15,2,2
15,2,2
15,2,2
15,2,2
15,2,2
15,2,2
15,2,2
15,2,2
15,2,2
15,2,2
15,2,2
15,2,2
15,2,2
15,2,2
15,2,2
15,2,2
15,2,2
15,2,2
15,2,2
15,2,2
15,2,2
15,2,2
15,2,2
1,5,2
14,2,2
14,2,2
14,2,2
14,2,2
14,2,2
14,2,2
14,2,2
14,2,2
14,2,2
14,2,2
14,2,2
14,2,2
14,2,2
14,2,2
14,2,2
14,2,2
14,2,2
14,2,2
14,2,2
14,2,2
14,2,2
14,2,2
17,2,2
14,2,2
17,2,2
17,2,2
12,2,2
17,2,2
14,2,2
14,2,2
14,2,2
17,2,2
14,2,2
14,2,2
17,2,2
17,2,2
17,2,2
17,2,2
17,2,2
14,2,2
17,2,2
14,2,2
17,2,2
17,2,2
17,2,2
17,2,2
14,2,2
14,2,2
14,2,2
14,2,2
17,2,2
14,2,2
17,2,2
14,2,2
17,2,2
17,2,2
17,2,2
17,2,2
17,2,2
14,2,2
14,2,2
14,2,2
14,2,2
14,2,2
14,2,2
14,2,2
14,2,2
14,2,2
14,2,2
14,2,2
14,2,2
14,2,2
14,2,2
14,2,2
14,2,2
14,2,2
14,2,2
14,2,2
14,2,2
14,2,2
14,2,2
14,2,2
14,2,2
14,2,2
14,2,2
14,2,2
14,2,2
14,2,2
1,5,2
14,2,2
14,2,2
14,2,2
14,2,2
14,2,2
14,2,2
14,2,2
14,2,2
14,2,2
14,2,2
14,2,2
14,2,2
14,2,2
14,2,2
14,2,2
14,2,2
14,2,2
14,2,2
14,2,2
14,2,2
14,2,2
14,2,2
14,2,2
14,2,2
14,2,2
14,2,2
14,2,2
14,2,2
14,2,2
14,2,2
14,2,2
14,2,2
14,2,2
14,2,2
14,2,2
14,2,2
14,2,2
14,2,2
14,2,2
14,2,2
14,2,2
14,2,2
1,5,2
19,7,7
20,7,7
21,7,7
22,7,7
22,7,7
19,7,7
19,7,7
19,7,7
21,7,7
19,7,7
-1,-1,7
19,7,7
19,7,7
22,7,7
22,7,7
22,7,7
19,7,7
19,7,7
19,7,7
22,7,7
19,7,7
19,7,7
19,7,7
21,7,7
19,7,7
22,7,7
21,7,7
20,7,7
21,7,7
21,7,7
19,7,7
20,7,7
19,7,7
20,7,7
22,7,7
23,7,7
9,7,7
22,7,7
21,7,7
24,7,7
19,7,7
22,7,7
21,7,7
22,7,7
19,7,7
22,7,7
22,7,7
19,7,7
19,7,7
19,7,7
19,7,7
25,7,7
19,7,7
22,7,7
26,7,7
20,7,7
22,7,7
22,7,7
20,7,7
22,7,7
19,7,7
24,7,7
22,7,7
26,7,7
23,7,7
20,7,7
22,7,7
22,7,7
22,7,7
19,7,7
25,7,7
19,7,7
23,7,7
19,7,7
-1,-1,7
20,7,7
19,7,7
20,7,7
22,7,7
22,7,7
19,7,7
20,7,7
20,7,7
22,7,7
20,7,7
22,7,7
22,7,7
22,7,7
19,7,7
20,7,7
22,7,7
25,7,7
22,7,7
25,7,7
19,7,7
19,7,7
19,7,7
22,7,7
22,7,7
22,7,7
22,7,7
22,7,7
19,7,7
21,7,7
19,7,7
22,7,7
19,7,7
22,7,7
21,7,7
24,7,7
22,7,7
21,7,7
19,7,7
22,7,7
20,7,7
19,7,7
19,7,7
22,7,7
20,7,7
25,7,7
20,7,7
-1,-1,7
9,7,7
19,7,7
19,7,7
22,7,7
22,7,7
20,7,7
22,7,7
19,7,7
22,7,7
21,7,7
22,7,7
19,7,7
21,7,7
19,7,7
22,7,7
20,7,7
20,7,7
22,7,7
22,7,7
-1,-1,7
22,7,7
22,7,7
20,7,7
26,7,7
21,7,7
19,7,7
22,7,7
21,7,7
22,7,7
22,7,7
19,7,7
22,7,7
25,7,7
26,7,7
20,7,7
22,7,7
20,7,7
22,7,7
21,7,7
22,7,7
22,7,7
19,7,7
19,7,7
21,7,7
21,7,7
21,7,7
19,7,7
21,7,7
22,7,7
19,7,7
22,7,7
20,7,7
22,7,7
19,7,7
20,7,7
22,7,7
22,7,7
19,7,7
22,7,7
22,7,7
19,7,7
22,7,7
19,7,7
19,7,7
20,7,7
25,7,7
-1,-1,7
22,7,7
22,7,7
24,7,7
20,7,7
20,7,7
22,7,7
22,7,7
22,7,7
22,7,7
22,7,7
20,7,7
20,7,7
19,7,7
19,7,7
22,7,7
22,7,7
21,7,7
21,7,7
21,7,7
21,7,7
21,7,7
22,7,7
25,7,7
-1,-1,7
9,7,7
-1,-1,7
21,7,7
20,7,7
20,7,7
22,7,7
21,7,7
19,7,7
21,7,7
19,7,7
22,7,7
21,7,7
20,7,7
19,7,7
21,7,7
24,7,7
21,7,7
22,7,7
25,7,7
19,7,7
20,7,7
19,7,7
19,7,7
20,7,7
22,7,7
19,7,7
21,7,7
21,7,7
22,7,7
-1,-1,7
20,7,7
20,7,7
22,7,7
19,7,7
22,7,7
25,7,7
22,7,7
19,7,7
25,7,7
19,7,7
20,7,7
22,7,7
20,7,7
22,7,7
25,7,7
20,7,7
19,7,7
-1,-1,7
21,7,7
22,7,7
22,7,7
21,7,7
19,7,7
25,7,7
19,7,7
20,7,7
24,7,7
24,7,7
20,7,7
25,7,7
19,7,7
22,7,7
24,7,7
19,7,7
22,7,7
21,7,7
20,7,7
25,7,7
19,7,7
19,7,7
20,7,7
22,7,7
24,7,7
22,7,7
-1,-1,7
22,7,7
22,7,7
22,7,7
19,7,7
26,7,7
24,7,7
19,7,7
19,7,7
20,7,7
20,7,7
22,7,7
22,7,7
25,7,7
19,7,7
20,7,7
22,7,7
22,7,7
23,7,7
-1,-1,7
19,7,7
25,7,7
24,7,7
22,7,7
20,7,7
22,7,7
22,7,7
9,7,7
24,7,7
22,7,7
19,7,7
20,7,7
-1,-1,7
21,7,7
20,7,7
19,7,7
22,7,7
22,7,7
19,7,7
22,7,7
19,7,7
19,7,7
-1,-1,7
20,7,7
22,7,7
20,7,7
22,7,7
19,7,7
22,7,7
20,7,7
22,7,7
19,7,7
22,7,7
22,7,7
19,7,7
22,7,7
22,7,7
22,7,7
22,7,7
22,7,7
22,7,7
22,7,7
22,7,7
22,7,7
22,7,7
22,7,7
19,7,7
22,7,7
19,7,7
19,7,7
22,7,7
22,7,7
22,7,7
22,7,7
22,7,7
22,7,7
21,7,7
20,7,7
19,7,7
20,7,7
22,7,7
22,7,7
20,7,7
19,7,7
19,7,7
22,7,7
19,7,7
19,7,7
22,7,7
20,7,7
20,7,7
20,7,7
22,7,7
24,7,7
22,7,7
22,7,7
22,7,7
22,7,7
19,7,7
21,7,7
22,7,7
22,7,7
25,7,7
20,7,7
19,7,7
20,7,7
25,7,7
19,7,7
24,7,7
22,7,7
22,7,7
20,7,7
24,7,7
22,7,7
22,7,7
-1,-1,7
21,7,7
-1,-1,7
21,7,7
22,7,7
20,7,7
20,7,7
22,7,7
22,7,7
22,7,7
22,7,7
20,7,7
22,7,7
22,7,7
22,7,7
22,7,7
22,7,7
22,7,7
22,7,7
20,7,7
20,7,7
22,7,7
22,7,7
19,7,7
19,7,7
22,7,7
22,7,7
22,7,7
24,7,7
22,7,7
22,7,7
19,7,7
19,7,7
19,7,7
22,7,7
20,7,7
20,7,7
21,7,7
25,7,7
22,7,7
19,7,7
19,7,7
20,7,7
21,7,7
22,7,7
22,7,7
23,7,7
22,7,7
22,7,7
22,7,7
21,7,7
23,7,7
22,7,7
22,7,7
24,7,7
9,7,7
19,7,7
20,7,7
22,7,7
22,7,7
22,7,7
19,7,7
-1,-1,7
22,7,7
22,7,7
22,7,7
22,7,7
22,7,7
22,7,7
22,7,7
27,5,5
27,5,5
27,5,5
27,5,5
27,5,5
27,5,5
27,5,5
27,5,5
27,5,5
27,5,5
27,5,5
27,5,5
27,5,5
27,5,5
27,5,5
27,5,5
27,5,5
27,5,5
27,5,5
27,5,5
27,5,5
27,5,5
27,5,5
27,5,5
27,5,5
27,5,5
27,5,5
27,5,5
27,5,5
27,5,5
27,5,5
27,5,5
27,5,5
27,5,5
27,5,5
27,5,5
-1,-1,5
-1,-1,5
27,5,5
27,5,5
27,5,5
27,5,5
27,5,5
27,5,5
-1,-1,6
27,5,6
27,5,6
-1,-1,6
27,5,6
27,5,6
27,5,6
27,5,6
27,5,6
27,5,6
27,5,6
27,5,6
27,5,6
27,5,6
27,5,6
27,5,6
28,6,6
-1,-1,6
28,6,6
1,5,6
28,6,6
27,5,6
27,5,6
-1,-1,6
54,5,6
-1,-1,6
-1,-1,6
29,5,6
29,5,6
-1,-1,6
31,5,6
-1,-1,6
30,5,6
30,5,6
30,5,6
30,5,6
30,5,6
30,5,5
30,5,5
30,5,5
30,5,5
30,5,5
30,5,5
30,5,5
30,5,5
30,5,5
30,5,5
30,5,5
30,5,5
30,5,5
30,5,5
30,5,5
30,5,5
30,5,5
31,5,5
-1,-1,5
-1,-1,5
30,5,5
30,5,5
30,5,5
31,5,5
31,5,5
30,5,5
30,5,5
30,5,5
30,5,5
30,5,5
30,5,5
30,5,5
30,5,5
30,5,5
30,5,5
31,5,6
30,5,6
31,5,6
30,5,6
30,5,6
30,5,6
30,5,6
30,5,6
30,5,6
-1,-1,6
-1,-1,6
-1,-1,6
32,6,6
32,6,6
32,6,6
32,6,6
32,6,6
32,6,6
32,6,6
32,6,6
32,6,6
28,6,6
28,6,6
28,6,6
28,6,6
33,5,6
-1,-1,6
-1,-1,6
28,6,6
28,6,6
-1,-1,6
2,5,5
2,5,5
-1,-1,5
-1,-1,5
-1,-1,5
-1,-1,5
33,5,5
33,5,5
33,5,5
33,5,5
0,5,5
0,5,5
0,5,5
0,5,5
0,5,5
0,5,5
33,5,5
0,5,5
0,5,5
33,5,5
-1,-1,5
-1,-1,5
-1,-1,5
29,5,5
29,5,5
29,5,5
29,5,5
29,5,5
29,5,5
29,5,5
29,5,5
29,5,5
29,5,5
29,5,5
29,5,5
29,5,5
29,5,5
29,5,5
29,5,5
29,5,5
29,5,5
29,5,5
29,5,5
29,5,5
29,5,5
29,5,5
29,5,5
29,5,5
29,5,5
29,5,5
29,5,5
29,5,5
29,5,5
29,5,5
29,5,5
29,5,5
29,5,5
29,5,5
29,5,5
29,5,5
29,5,5
29,5,5
29,5,5
29,5,5
29,5,5
29,5,5
29,5,5
29,5,5
29,5,5
29,5,5
29,5,5
29,5,5
29,5,5
29,5,5
29,5,5
29,5,5
29,5,5
29,5,5
29,5,5
29,5,5
29,5,5
29,5,5
29,5,5
29,5,5
29,5,5
29,5,5
29,5,5
29,5,5
29,5,5
29,5,5
29,5,5
29,5,5
29,5,5
29,5,5
29,5,5
29,5,5
29,5,5
29,5,5
29,5,5
29,5,5
29,5,5
29,5,5
29,5,5
29,5,5
29,5,5
29,5,5
29,5,5
29,5,5
29,5,5
29,5,5
29,5,5
29,5,5
29,5,5
29,5,5
29,5,5
29,5,5
29,5,5
29,5,5
29,5,5
29,5,5
29,5,5
29,5,5
29,5,5
29,5,5
29,5,5
29,5,5
29,5,5
29,5,5
29,5,5
29,5,5
29,5,5
29,5,5
34,5,5
34,5,5
29,5,5
29,5,5
34,5,5
34,5,5
34,5,5
29,5,5
29,5,5
34,5,5
34,5,5
34,5,5
34,5,5
34,5,5
29,5,5
34,5,5
29,5,5
29,5,5
29,5,5
29,5,5
29,5,5
29,5,5
29,5,5
29,5,5
29,5,5
29,5,5
29,5,5
29,5,5
29,5,5
29,5,5
29,5,5
29,5,5
29,5,5
29,5,5
29,5,5
29,5,5
29,5,5
29,5,5
29,5,5
29,5,5
29,5,5
29,5,5
29,5,5
29,5,5
29,5,5
29,5,5
29,5,5
29,5,5
29,5,5
29,5,5
-1,-1,5
29,5,5
29,5,5
29,5,5
29,5,5
29,5,5
29,5,5
29,5,5
29,5,5
29,5,5
-1,-1,5
29,5,5
29,5,5
29,5,5
29,5,5
29,5,5
29,5,5
29,5,5
29,5,5
29,5,5
29,5,5
29,5,5
29,5,5
29,5,5
29,5,5
29,5,5
29,5,5
29,5,5
29,5,5
29,5,5
29,5,5
29,5,5
29,5,5
29,5,5
29,5,5
29,5,5
29,5,5
29,5,5
29,5,5
29,5,5
29,5,5
29,5,5
29,5,5
29,5,5
29,5,5
29,5,5
29,5,5
29,5,5
29,5,5
29,5,5
29,5,5
29,5,5
29,5,5
29,5,5
29,5,5
29,5,5
29,5,5
29,5,5
29,5,5
29,5,5
29,5,5
29,5,5
29,5,5
29,5,5
29,5,5
29,5,5
29,5,5
29,5,5
29,5,5
29,5,5
29,5,5
29,5,5
29,5,5
29,5,5
29,5,5
29,5,5
29,5,5
29,5,5
29,5,5
29,5,5
29,5,5
29,5,5
29,5,5
29,5,5
29,5,5
29,5,5
29,5,5
29,5,5
29,5,5
29,5,5
29,5,5
29,5,5
29,5,5
29,5,5
29,5,5
29,5,5
29,5,5
29,5,5
29,5,5
29,5,5
29,5,5
29,5,5
29,5,5
29,5,5
29,5,5
29,5,5
29,5,5
29,5,5
29,5,5
29,5,5
29,5,5
29,5,5
29,5,5
29,5,5
29,5,5
29,5,5
29,5,5
29,5,5
29,5,5
29,5,5
29,5,5
29,5,5
29,5,5
29,5,5
29,5,5
29,5,5
29,5,5
29,5,5
29,5,5
29,5,5
29,5,5
29,5,5
29,5,5
29,5,5
29,5,5
29,5,5
29,5,5
29,5,5
29,5,5
29,5,5
29,5,5
29,5,5
29,5,5
29,5,5
29,5,5
29,5,5
29,5,5
29,5,5
29,5,5
29,5,5
29,5,5
29,5,5
29,5,5
29,5,5
29,5,5
29,5,5
29,5,5
29,5,5
29,5,5
29,5,5
29,5,5
29,5,5
29,5,5
29,5,5
29,5,5
29,5,5
29,5,5
29,5,5
29,5,5
29,5,5
29,5,5
29,5,5
29,5,5
29,5,5
29,5,5
29,5,5
29,5,5
29,5,5
29,5,5
29,5,5
29,5,5
29,5,5
29,5,5
29,5,5
29,5,5
29,5,5
29,5,5
29,5,5
29,5,5
29,5,5
29,5,5
29,5,5
29,5,5
29,5,5
29,5,5
29,5,5
29,5,5
29,5,5
29,5,5
29,5,5
29,5,5
29,5,5
29,5,5
29,5,5
29,5,5
29,5,5
29,5,5
29,5,5
29,5,5
29,5,5
29,5,4
29,5,4
29,5,4
29,5,4
29,5,4
29,5,4
29,5,4
29,5,4
29,5,4
29,5,4
29,5,4
29,5,4
29,5,4
29,5,4
29,5,4
29,5,4
29,5,4
29,5,4
29,5,4
29,5,4
29,5,4
29,5,4
29,5,4
29,5,4
29,5,4
29,5,4
29,5,4
29,5,4
29,5,4
29,5,4
29,5,4
29,5,4
29,5,4
29,5,4
29,5,4
29,5,4
29,5,5
29,5,5
29,5,5
29,5,5
29,5,5
29,5,5
29,5,5
29,5,5
29,5,5
29,5,5
29,5,5
29,5,5
29,5,5
29,5,5
29,5,5
29,5,5
29,5,5
29,5,5
29,5,5
29,5,5
29,5,5
29,5,5
29,5,5
29,5,5
29,5,5
29,5,5
29,5,5
29,5,5
29,5,5
29,5,5
29,5,5
29,5,5
29,5,5
29,5,5
29,5,5
29,5,5
29,5,5
29,5,5
29,5,5
29,5,5
29,5,5
29,5,5
29,5,5
29,5,5
29,5,5
29,5,5
29,5,5
29,5,5
29,5,5
29,5,5
29,5,5
29,5,5
29,5,5
29,5,5
29,5,5
29,5,5
29,5,5
29,5,5
29,5,5
29,5,5
29,5,5
29,5,5
29,5,5
29,5,5
29,5,5
29,5,5
29,5,5
29,5,5
29,5,5
35,5,5
35,5,5
35,5,5
35,5,5
35,5,5
35,5,5
29,5,5
29,5,5
29,5,5
35,5,5
35,5,5
35,5,5
35,5,5
35,5,5
35,5,5
35,5,5
35,5,5
35,5,5
35,5,5
35,5,5
35,5,5
35,5,5
29,5,5
29,5,5
35,5,5
35,5,5
35,5,5
35,5,5
35,5,5
35,5,5
29,5,5
35,5,5
29,5,5
35,5,5
35,5,5
35,5,5
35,5,5
35,5,5
35,5,5
35,5,5
35,5,5
35,5,5
35,5,5
35,5,5
35,5,5
35,5,5
35,5,5
35,5,5
35,5,5
35,5,5
35,5,5
29,5,5
29,5,5
29,5,5
29,5,5
29,5,5
29,5,5
29,5,5
35,5,5
35,5,5
35,5,5
35,5,5
29,5,5
35,5,5
29,5,5
35,5,5
35,5,5
35,5,5
29,5,5
35,5,5
29,5,5
35,5,5
35,5,5
35,5,5
29,5,5
35,5,5
35,5,5
35,5,5
35,5,5
29,5,5
29,5,5
35,5,5
35,5,5
35,5,5
29,5,5
35,5,5
29,5,5
29,5,5
29,5,5
29,5,5
29,5,5
29,5,5
29,5,5
29,5,5
-1,-1,5
-1,-1,5
29,5,5
-1,-1,5
-1,-1,5
-1,-1,5
29,5,5
-1,-1,5
29,5,5
29,5,5
29,5,5
29,5,5
29,5,5
29,5,5
29,5,5
29,5,5
29,5,5
29,5,5
29,5,5
29,5,5
29,5,5
29,5,4
29,5,4
29,5,4
29,5,4
29,5,4
29,5,4
29,5,4
29,5,4
29,5,4
29,5,4
29,5,4
29,5,4
29,5,4
29,5,4
29,5,4
29,5,4
29,5,4
29,5,4
29,5,4
29,5,4
29,5,4
29,5,4
29,5,4
29,5,4
29,5,4
29,5,4
29,5,4
29,5,4
29,5,4
29,5,4
29,5,4
29,5,4
29,5,4
29,5,4
29,5,4
29,5,4
29,5,4
29,5,5
29,5,5
29,5,5
29,5,5
29,5,5
29,5,5
29,5,5
29,5,5
29,5,5
29,5,5
29,5,5
29,5,5
29,5,5
29,5,5
29,5,5
29,5,5
29,5,5
29,5,5
29,5,5
29,5,5
29,5,5
29,5,5
29,5,5
29,5,5
29,5,5
29,5,5
29,5,5
29,5,5
29,5,5
29,5,5
29,5,5
29,5,5
29,5,5
29,5,5
29,5,5
29,5,5
36,5,5
36,5,5
36,5,5
36,5,5
36,5,5
36,5,5
36,5,5
29,5,5
29,5,5
29,5,5
29,5,5
29,5,5
29,5,5
29,5,5
-1,-1,5
29,5,5
29,5,5
29,5,5
29,5,5
29,5,5
29,5,5
29,5,5
29,5,5
29,5,5
29,5,5
29,5,5
29,5,5
29,5,5
29,5,5
29,5,5
29,5,5
29,5,5
29,5,5
29,5,5
29,5,5
29,5,5
29,5,5
29,5,5
29,5,5
29,5,5
29,5,5
29,5,5
29,5,5
29,5,5
29,5,5
29,5,5
29,5,5
29,5,5
29,5,5
29,5,5
29,5,5
29,5,5
29,5,5
29,5,5
29,5,5
29,5,5
29,5,5
29,5,5
29,5,5
29,5,5
29,5,5
29,5,5
29,5,5
29,5,5
29,5,5
29,5,5
29,5,5
29,5,5
29,5,5
29,5,5
29,5,5
29,5,5
-1,-1,5
29,5,5
29,5,5
29,5,5
29,5,5
29,5,5
29,5,5
29,5,5
29,5,5
29,5,5
29,5,5
29,5,5
29,5,5
29,5,5
29,5,5
29,5,5
29,5,5
29,5,5
29,5,5
29,5,5
29,5,5
29,5,5
29,5,5
29,5,5
29,5,5
29,5,5
-1,-1,5
29,5,5
29,5,5
29,5,5
29,5,5
29,5,5
29,5,5
29,5,5
29,5,5
29,5,5
29,5,5
29,5,5
29,5,5
29,5,5
29,5,5
29,5,5
29,5,5
29,5,5
29,5,5
29,5,5
29,5,5
29,5,5
29,5,5
29,5,5
29,5,5
29,5,5
29,5,5
29,5,5
29,5,5
29,5,5
29,5,5
29,5,5
29,5,5
29,5,5
29,5,5
29,5,5
29,5,5
29,5,5
29,5,5
29,5,5
29,5,5
29,5,5
29,5,5
29,5,5
29,5,5
29,5,5
29,5,5
29,5,5
29,5,5
29,5,5
29,5,5
29,5,5
29,5,5
29,5,5
29,5,5
29,5,5
29,5,5
29,5,5
29,5,5
29,5,5
29,5,5
29,5,5
29,5,5
29,5,5
29,5,5
29,5,5
29,5,5
29,5,5
29,5,5
29,5,5
29,5,5
29,5,5
29,5,5
-1,-1,5
29,5,5
29,5,5
29,5,5
29,5,5
29,5,5
29,5,5
29,5,5
29,5,5
29,5,5
29,5,5
29,5,5
29,5,5
29,5,5
29,5,5
29,5,5
29,5,5
29,5,5
29,5,5
29,5,5
29,5,5
29,5,5
29,5,5
29,5,5
29,5,5
29,5,5
29,5,5
29,5,5
29,5,5
29,5,5
29,5,5
29,5,5
29,5,5
29,5,5
29,5,5
29,5,5
29,5,5
29,5,5
29,5,5
29,5,5
29,5,5
29,5,5
29,5,5
29,5,5
29,5,5
29,5,5
29,5,5
29,5,5
29,5,5
29,5,5
29,5,5
29,5,5
29,5,5
29,5,5
29,5,5
29,5,5
29,5,5
29,5,5
29,5,5
29,5,5
29,5,5
29,5,5
29,5,5
29,5,5
29,5,5
29,5,5
29,5,5
29,5,5
29,5,5
29,5,5
29,5,5
29,5,5
29,5,5
29,5,5
29,5,5
29,5,5
29,5,5
29,5,5
29,5,5
29,5,5
29,5,5
29,5,5
29,5,5
29,5,5
29,5,5
29,5,5
29,5,5
29,5,5
29,5,5
29,5,5
29,5,5
29,5,5
29,5,5
29,5,5
29,5,5
29,5,5
29,5,5
29,5,5
29,5,5
29,5,5
29,5,5
29,5,5
29,5,5
29,5,5
29,5,5
29,5,5
29,5,5
29,5,5
29,5,5
29,5,5
29,5,5
29,5,5
29,5,5
29,5,5
29,5,5
29,5,5
29,5,5
29,5,5
29,5,5
29,5,5
29,5,5
29,5,5
29,5,5
29,5,5
29,5,5
29,5,5
29,5,5
29,5,5
29,5,5
29,5,5
29,5,5
29,5,5
29,5,5
29,5,5
29,5,5
29,5,5
29,5,5
29,5,5
29,5,5
29,5,5
29,5,5
29,5,5
29,5,5
29,5,5
29,5,5
29,5,5
29,5,5
29,5,5
29,5,5
29,5,5
29,5,5
29,5,5
29,5,5
29,5,5
29,5,5
29,5,5
29,5,5
29,5,5
29,5,5
29,5,5
29,5,5
29,5,5
29,5,5
29,5,5
29,5,5
29,5,5
29,5,5
29,5,5
29,5,5
29,5,5
29,5,5
29,5,5
29,5,5
29,5,5
29,5,5
29,5,5
29,5,5
29,5,5
29,5,5
29,5,5
29,5,5
29,5,5
29,5,5
29,5,5
29,5,5
29,5,5
29,5,5
29,5,5
29,5,5
29,5,5
29,5,5
29,5,5
29,5,5
29,5,5
29,5,5
29,5,5
29,5,5
29,5,5
29,5,5
29,5,5
29,5,5
29,5,5
29,5,5
29,5,5
29,5,5
29,5,5
29,5,5
29,5,5
29,5,5
29,5,5
29,5,5
29,5,5
29,5,5
29,5,5
29,5,5
29,5,5
29,5,5
29,5,5
29,5,5
29,5,5
29,5,5
29,5,5
29,5,5
29,5,5
29,5,5
29,5,5
29,5,5
29,5,5
29,5,5
29,5,5
-1,-1,5
29,5,5
29,5,5
29,5,5
29,5,5
29,5,5
29,5,5
29,5,5
29,5,5
29,5,5
29,5,5
29,5,5
-1,-1,5
38,5,5
37,5,5
37,5,5
38,5,5
38,5,5
38,5,5
38,5,5
38,5,5
38,5,5
38,5,5
37,5,5
38,5,5
38,5,5
38,5,5
38,5,5
37,5,5
37,5,5
38,5,5
38,5,5
38,5,5
38,5,5
38,5,5
38,5,5
38,5,5
38,5,5
38,5,5
38,5,5
38,5,5
38,5,5
38,5,5
38,5,5
38,5,5
38,5,5
38,5,5
38,5,5
38,5,5
38,5,5
38,5,5
38,5,5
38,5,5
38,5,5
38,5,5
38,5,5
38,5,5
38,5,5
38,5,5
38,5,5
38,5,5
38,5,5
38,5,5
38,5,5
38,5,5
38,5,5
38,5,5
38,5,5
37,5,5
38,5,5
38,5,5
38,5,5
38,5,5
38,5,5
38,5,5
38,5,5
38,5,5
38,5,5
38,5,5
37,5,5
37,5,5
37,5,5
37,5,5
37,5,5
37,5,5
38,5,5
37,5,5
37,5,5
38,5,5
37,5,5
37,5,5
37,5,5
37,5,5
37,5,5
37,5,5
38,5,5
37,5,5
37,5,5
38,5,5
38,5,5
38,5,5
37,5,5
38,5,5
38,5,5
37,5,5
37,5,5
38,5,5
29,5,5
29,5,5
29,5,5
29,5,5
29,5,5
29,5,5
29,5,5
29,5,5
29,5,5
29,5,5
29,5,5
29,5,5
29,5,5
29,5,5
29,5,5
29,5,5
29,5,5
29,5,5
29,5,5
29,5,5
29,5,5
-1,-1,5
29,5,5
29,5,5
29,5,5
29,5,5
29,5,5
29,5,5
29,5,5
29,5,5
29,5,5
29,5,5
29,5,5
29,5,5
29,5,5
29,5,5
29,5,5
29,5,5
29,5,5
29,5,5
29,5,5
29,5,5
29,5,5
29,5,5
29,5,5
29,5,5
29,5,5
29,5,5
29,5,5
29,5,5
29,5,5
29,5,5
29,5,5
29,5,5
29,5,5
29,5,5
29,5,5
29,5,5
29,5,5
29,5,5
29,5,5
29,5,5
29,5,5
29,5,5
29,5,5
29,5,5
29,5,5
29,5,5
29,5,5
29,5,5
29,5,5
29,5,5
29,5,5
29,5,5
29,5,5
29,5,5
29,5,5
29,5,5
29,5,5
29,5,5
29,5,5
29,5,5
29,5,5
29,5,5
29,5,5
29,5,5
29,5,5
29,5,5
29,5,5
29,5,5
29,5,5
29,5,5
29,5,5
29,5,5
29,5,5
29,5,5
29,5,5
29,5,5
29,5,5
29,5,5
-1,-1,5
29,5,5
29,5,5
29,5,5
29,5,5
29,5,5
29,5,5
29,5,5
29,5,5
29,5,5
29,5,5
29,5,5
29,5,5
29,5,5
29,5,5
29,5,5
29,5,5
29,5,5
29,5,5
29,5,5
29,5,5
29,5,5
-1,-1,6
29,5,6
29,5,6
-1,-1,6
-1,-1,6
-1,-1,6
-1,-1,6
-1,-1,6
-1,-1,6
-1,-1,6
-1,-1,6
-1,-1,6
-1,-1,6
-1,-1,6
-1,-1,6
-1,-1,6
-1,-1,6
-1,-1,6
-1,-1,6
-1,-1,6
-1,-1,6
29,5,5
29,5,5
29,5,5
29,5,5
29,5,5
29,5,5
29,5,5
29,5,5
29,5,5
29,5,5
29,5,5
29,5,5
29,5,5
29,5,5
29,5,5
29,5,5
29,5,5
29,5,5
29,5,5
29,5,5
29,5,5
29,5,5
29,5,5
29,5,5
29,5,5
29,5,5
29,5,5
29,5,5
29,5,5
29,5,5
29,5,5
29,5,5
29,5,5
29,5,5
29,5,5
29,5,5
29,5,5
-1,-1,5
-1,-1,6
29,5,6
29,5,6
29,5,6
29,5,6
-1,-1,6
-1,-1,6
-1,-1,6
-1,-1,6
-1,-1,6
-1,-1,6
39,5,6
-1,-1,6
33,5,6
0,5,6
1,5,6
-1,-1,6
1,5,6
-1,-1,6
22,7,6
-1,-1,6
-1,-1,6
18,2,6
40,2,2
40,2,2
40,2,2
40,2,2
40,2,2
40,2,2
40,2,2
40,2,2
40,2,2
40,2,2
40,2,2
40,2,2
40,2,2
40,2,2
40,2,2
40,2,2
40,2,2
40,2,2
40,2,2
40,2,2
40,2,2
40,2,2
40,2,2
40,2,2
40,2,2
40,2,2
40,2,2
40,2,2
40,2,2
40,2,2
40,2,2
40,2,2
40,2,2
40,2,2
40,2,2
40,2,2
40,2,2
40,2,2
40,2,2
40,2,2
40,2,2
40,2,2
40,2,2
40,2,2
40,2,2
40,2,2
40,2,2
40,2,2
40,2,2
40,2,2
40,2,2
40,2,2
40,2,2
40,2,2
40,2,2
40,2,2
40,2,2
40,2,2
40,2,2
40,2,2
40,2,2
40,2,2
40,2,2
40,2,2
40,2,2
40,2,2
40,2,2
40,2,2
40,2,2
40,2,2
40,2,2
40,2,2
40,2,2
40,2,2
40,2,2
40,2,2
40,2,2
40,2,2
40,2,2
40,2,2
40,2,2
40,2,2
40,2,2
40,2,2
40,2,2
40,2,2
40,2,2
40,2,2
40,2,2
40,2,2
40,2,2
40,2,2
40,2,2
40,2,2
40,2,2
40,2,2
40,2,2
40,2,2
40,2,2
40,2,2
40,2,2
40,2,2
40,2,2
40,2,2
40,2,2
40,2,2
40,2,2
40,2,2
40,2,2
40,2,2
40,2,2
40,2,2
40,2,2
40,2,2
40,2,2
40,2,2
40,2,2
40,2,2
40,2,2
40,2,2
40,2,2
40,2,2
40,2,2
40,2,2
40,2,2
40,2,2
40,2,2
40,2,2
40,2,2
40,2,2
40,2,2
40,2,2
40,2,2
40,2,2
40,2,2
40,2,2
40,2,2
40,2,2
40,2,2
40,2,2
40,2,2
40,2,2
40,2,2
40,2,2
40,2,2
40,2,2
40,2,2
40,2,2
40,2,2
40,2,2
40,2,2
40,2,2
40,2,2
40,2,2
40,2,2
40,2,2
40,2,2
40,2,2
40,2,2
40,2,2
40,2,2
40,2,2
40,2,2
40,2,2
40,2,2
40,2,2
40,2,2
40,2,2
40,2,2
40,2,2
40,2,2
40,2,2
40,2,2
40,2,2
40,2,2
40,2,2
40,2,2
40,2,2
40,2,2
40,2,2
40,2,2
40,2,2
40,2,2
40,2,2
40,2,2
40,2,2
40,2,2
40,2,2
40,2,1
40,2,1
40,2,1
40,2,1
40,2,1
40,2,1
40,2,1
40,2,1
40,2,1
40,2,1
40,2,1
40,2,1
40,2,1
40,2,1
40,2,1
40,2,1
40,2,1
40,2,1
40,2,1
40,2,1
40,2,1
40,2,1
40,2,1
40,2,1
40,2,1
40,2,1
40,2,1
40,2,1
40,2,1
40,2,1
40,2,1
40,2,1
40,2,1
40,2,1
40,2,1
40,2,1
40,2,1
40,2,1
40,2,1
40,2,1
40,2,1
40,2,1
40,2,1
40,2,1
40,2,1
40,2,1
40,2,1
40,2,1
40,2,1
40,2,1
40,2,1
40,2,1
40,2,1
40,2,1
40,2,1
40,2,1
40,2,1
40,2,1
40,2,1
40,2,1
40,2,1
40,2,1
40,2,1
40,2,1
40,2,1
40,2,1
40,2,1
40,2,1
40,2,1
40,2,1
40,2,1
40,2,1
40,2,1
40,2,1
40,2,1
40,2,2
40,2,2
40,2,2
40,2,2
40,2,2
40,2,2
40,2,2
40,2,2
40,2,2
40,2,2
40,2,2
40,2,2
40,2,2
40,2,2
40,2,2
40,2,2
40,2,2
40,2,2
40,2,2
40,2,2
40,2,2
40,2,2
40,2,2
40,2,2
40,2,2
40,2,2
40,2,2
40,2,2
40,2,2
40,2,2
40,2,2
40,2,2
40,2,2
40,2,2
40,2,2
40,2,2
40,2,2
40,2,2
40,2,2
40,2,2
40,2,2
40,2,2
40,2,2
40,2,2
40,2,2
40,2,2
40,2,2
40,2,2
40,2,2
40,2,2
40,2,2
40,2,2
40,2,2
40,2,2
40,2,2
40,2,2
40,2,2
40,2,2
40,2,2
40,2,2
-1,-1,2
40,2,2
40,2,2
40,2,2
40,2,2
40,2,2
40,2,2
40,2,2
40,2,2
40,2,2
40,2,2
40,2,2
40,2,2
40,2,2
40,2,2
40,2,2
40,2,2
40,2,2
40,2,2
40,2,2
40,2,2
40,2,2
40,2,2
40,2,2
40,2,2
40,2,2
40,2,2
40,2,2
40,2,2
40,2,2
40,2,2
40,2,2
40,2,2
40,2,2
40,2,2
40,2,2
40,2,2
40,2,2
40,2,2
40,2,2
40,2,2
40,2,2
40,2,2
40,2,2
40,2,2
40,2,2
40,2,2
40,2,2
40,2,2
40,2,2
40,2,2
40,2,2
40,2,2
40,2,2
40,2,2
40,2,2
40,2,2
40,2,2
40,2,2
40,2,2
40,2,2
40,2,2
40,2,2
40,2,2
40,2,2
40,2,2
40,2,2
40,2,2
40,2,2
40,2,2
40,2,2
40,2,2
40,2,2
40,2,2
40,2,2
40,2,2
40,2,2
40,2,2
40,2,2
40,2,2
40,2,2
40,2,2
40,2,2
40,2,2
40,2,2
40,2,2
40,2,2
40,2,2
40,2,2
40,2,2
40,2,1
40,2,1
40,2,1
40,2,1
40,2,1
40,2,1
40,2,1
40,2,1
40,2,1
40,2,1
40,2,1
40,2,1
40,2,1
40,2,1
40,2,1
40,2,1
40,2,1
40,2,1
40,2,1
40,2,1
40,2,1
40,2,1
40,2,1
40,2,1
40,2,1
40,2,1
40,2,1
40,2,1
40,2,1
40,2,1
40,2,1
40,2,1
40,2,1
40,2,1
40,2,1
40,2,1
40,2,1
40,2,1
40,2,2
40,2,2
40,2,2
40,2,2
40,2,2
40,2,2
40,2,2
40,2,2
40,2,2
40,2,2
40,2,2
40,2,2
40,2,2
40,2,2
40,2,2
40,2,2
40,2,2
40,2,2
40,2,2
40,2,2
40,2,2
40,2,2
40,2,2
40,2,2
40,2,2
40,2,2
40,2,2
40,2,2
40,2,2
40,2,2
40,2,2
40,2,2
40,2,2
40,2,2
40,2,2
40,2,2
40,2,2
40,2,2
40,2,2
40,2,2
40,2,2
40,2,2
40,2,2
40,2,2
40,2,2
40,2,2
40,2,2
40,2,2
40,2,2
40,2,2
40,2,2
40,2,2
40,2,2
40,2,2
40,2,2
40,2,2
40,2,2
40,2,2
40,2,2
40,2,2
40,2,2
40,2,2
40,2,2
40,2,2
40,2,2
40,2,2
40,2,2
40,2,2
40,2,2
40,2,2
40,2,2
40,2,2
40,2,2
40,2,2
40,2,1
40,2,1
40,2,1
40,2,1
40,2,1
40,2,1
40,2,1
40,2,1
40,2,1
40,2,1
40,2,1
40,2,1
40,2,1
40,2,1
40,2,1
40,2,1
40,2,1
40,2,1
40,2,1
40,2,1
40,2,1
40,2,1
40,2,1
40,2,1
40,2,1
40,2,1
40,2,1
40,2,1
40,2,1
40,2,1
40,2,1
40,2,1
40,2,1
40,2,1
40,2,1
40,2,1
40,2,1
40,2,1
40,2,1
40,2,1
40,2,1
40,2,1
40,2,1
40,2,1
40,2,1
40,2,1
40,2,1
40,2,1
40,2,1
40,2,1
40,2,1
40,2,1
40,2,1
40,2,1
40,2,1
40,2,1
40,2,1
40,2,1
40,2,1
40,2,1
40,2,1
40,2,1
40,2,1
40,2,1
40,2,1
40,2,1
40,2,1
40,2,1
40,2,1
40,2,1
40,2,1
40,2,1
40,2,1
40,2,1
40,2,1
40,2,1
40,2,1
40,2,1
40,2,1
40,2,1
40,2,1
40,2,1
40,2,1
40,2,1
40,2,1
40,2,1
40,2,1
40,2,1
40,2,1
40,2,1
40,2,1
40,2,1
40,2,1
40,2,1
40,2,1
40,2,1
40,2,1
40,2,1
40,2,1
40,2,1
40,2,1
40,2,1
40,2,1
40,2,1
40,2,1
40,2,1
40,2,1
40,2,1
40,2,1
40,2,1
40,2,1
40,2,1
40,2,1
40,2,1
40,2,1
40,2,1
40,2,1
40,2,1
40,2,1
40,2,1
40,2,1
40,2,1
40,2,1
40,2,1
40,2,1
40,2,1
40,2,1
40,2,1
40,2,1
40,2,1
40,2,1
40,2,1
40,2,1
40,2,1
40,2,1
40,2,1
40,2,1
40,2,1
40,2,1
40,2,1
40,2,1
40,2,1
40,2,1
40,2,1
40,2,1
40,2,1
40,2,1
40,2,1
40,2,2
40,2,2
40,2,2
40,2,2
40,2,2
40,2,2
40,2,2
40,2,2
40,2,2
40,2,2
40,2,2
40,2,2
40,2,2
40,2,2
40,2,2
40,2,2
40,2,2
40,2,2
40,2,2
40,2,2
40,2,2
40,2,2
40,2,2
40,2,2
40,2,2
40,2,2
40,2,2
40,2,2
40,2,2
40,2,2
40,2,2
40,2,2
40,2,2
40,2,2
40,2,2
40,2,2
40,2,2
40,2,2
40,2,2
40,2,2
40,2,2
40,2,2
40,2,2
40,2,2
40,2,2
40,2,2
40,2,2
40,2,2
40,2,2
40,2,2
40,2,2
40,2,2
40,2,2
40,2,2
40,2,2
40,2,2
40,2,2
40,2,2
40,2,2
40,2,2
40,2,2
40,2,2
40,2,2
40,2,2
40,2,2
40,2,2
40,2,2
40,2,2
40,2,2
40,2,2
40,2,2
40,2,2
40,2,2
40,2,2
40,2,2
40,2,2
40,2,2
40,2,2
40,2,2
40,2,2
40,2,2
40,2,2
40,2,2
40,2,2
40,2,2
40,2,2
40,2,2
40,2,2
40,2,2
40,2,2
40,2,2
40,2,2
40,2,2
40,2,2
40,2,2
40,2,2
40,2,2
40,2,2
40,2,2
40,2,2
40,2,2
40,2,2
40,2,2
40,2,2
40,2,2
40,2,2
40,2,2
40,2,2
40,2,2
40,2,2
40,2,2
40,2,1
40,2,1
40,2,1
40,2,1
40,2,1
40,2,1
40,2,1
40,2,1
40,2,1
40,2,1
40,2,1
40,2,1
40,2,1
40,2,1
40,2,1
40,2,1
40,2,1
40,2,1
40,2,1
40,2,1
40,2,1
40,2,1
40,2,1
40,2,1
40,2,1
40,2,1
40,2,1
40,2,1
40,2,1
40,2,1
40,2,1
40,2,1
40,2,1
40,2,1
40,2,1
40,2,1
40,2,1
40,2,1
40,2,1
40,2,1
40,2,1
40,2,1
40,2,1
40,2,1
40,2,1
40,2,1
40,2,1
40,2,1
40,2,1
40,2,1
40,2,1
40,2,1
40,2,1
40,2,1
40,2,1
40,2,1
40,2,1
40,2,1
40,2,1
40,2,1
40,2,1
40,2,1
40,2,1
40,2,1
40,2,1
40,2,1
40,2,1
40,2,1
40,2,1
40,2,1
40,2,1
40,2,1
40,2,2
40,2,2
40,2,2
40,2,2
40,2,2
40,2,2
40,2,2
40,2,2
40,2,2
40,2,2
40,2,2
40,2,2
40,2,2
40,2,2
40,2,2
40,2,2
40,2,2
40,2,2
40,2,2
40,2,2
40,2,2
40,2,2
40,2,2
40,2,2
40,2,2
40,2,2
40,2,2
40,2,2
40,2,2
40,2,2
40,2,2
40,2,2
40,2,2
40,2,2
40,2,2
40,2,2
40,2,2
40,2,2
40,2,2
40,2,2
40,2,2
40,2,2
40,2,2
40,2,2
40,2,2
40,2,2
40,2,2
40,2,2
40,2,2
40,2,2
40,2,2
40,2,2
40,2,2
40,2,2
40,2,2
40,2,2
40,2,2
40,2,2
40,2,2
40,2,2
40,2,2
40,2,2
40,2,2
40,2,2
40,2,2
40,2,2
40,2,2
40,2,2
40,2,2
40,2,2
40,2,2
40,2,2
40,2,2
40,2,2
40,2,2
40,2,2
40,2,2
40,2,2
40,2,2
40,2,2
40,2,2
40,2,2
40,2,2
40,2,2
40,2,2
40,2,2
40,2,2
40,2,2
40,2,2
40,2,2
40,2,2
40,2,2
40,2,2
40,2,2
40,2,2
40,2,2
40,2,2
40,2,2
40,2,2
40,2,2
40,2,2
40,2,2
40,2,2
40,2,2
40,2,2
40,2,2
40,2,2
40,2,2
40,2,1
40,2,1
40,2,1
40,2,1
40,2,1
40,2,1
40,2,1
40,2,1
40,2,1
40,2,1
40,2,1
40,2,1
40,2,1
40,2,1
40,2,1
40,2,1
40,2,1
40,2,1
40,2,1
40,2,1
40,2,1
40,2,1
40,2,1
40,2,1
40,2,1
40,2,1
40,2,1
40,2,1
40,2,1
40,2,1
40,2,1
40,2,1
40,2,1
40,2,1
40,2,1
40,2,1
40,2,1
40,2,1
40,2,1
40,2,1
40,2,1
40,2,1
40,2,1
40,2,1
40,2,1
40,2,1
40,2,1
40,2,1
40,2,1
40,2,1
40,2,1
40,2,1
40,2,1
40,2,1
40,2,1
40,2,1
40,2,1
40,2,1
40,2,1
40,2,1
40,2,1
40,2,1
40,2,1
40,2,1
40,2,1
40,2,1
40,2,1
40,2,1
40,2,1
40,2,1
40,2,1
40,2,1
40,2,1
40,2,1
40,2,1
40,2,1
40,2,1
40,2,1
40,2,1
40,2,1
40,2,1
40,2,1
40,2,1
40,2,1
40,2,1
40,2,1
40,2,1
40,2,1
40,2,1
40,2,1
40,2,1
40,2,1
40,2,1
40,2,1
40,2,1
40,2,1
40,2,1
40,2,1
40,2,1
40,2,1
40,2,1
40,2,1
40,2,1
40,2,1
40,2,1
40,2,1
40,2,1
40,2,1
40,2,2
40,2,2
40,2,2
40,2,2
40,2,2
40,2,2
40,2,2
40,2,2
40,2,2
40,2,2
40,2,2
40,2,2
40,2,2
40,2,2
40,2,2
40,2,2
40,2,2
40,2,2
40,2,2
40,2,2
40,2,2
40,2,2
40,2,2
40,2,2
40,2,2
40,2,2
40,2,2
40,2,2
40,2,2
40,2,2
40,2,2
40,2,2
40,2,2
40,2,2
40,2,2
40,2,2
40,2,2
40,2,2
40,2,2
40,2,2
40,2,2
40,2,2
40,2,2
40,2,2
40,2,2
40,2,2
40,2,2
40,2,2
40,2,2
40,2,2
40,2,2
40,2,2
40,2,2
40,2,2
40,2,2
40,2,2
40,2,2
40,2,2
40,2,2
40,2,2
40,2,2
40,2,2
40,2,2
40,2,2
40,2,2
40,2,2
40,2,2
40,2,2
40,2,2
40,2,2
40,2,2
40,2,2
40,2,2
40,2,2
40,2,2
40,2,2
40,2,2
40,2,2
40,2,2
40,2,2
40,2,2
40,2,2
40,2,2
40,2,2
40,2,2
40,2,2
40,2,2
40,2,2
40,2,2
40,2,2
40,2,2
40,2,2
40,2,2
40,2,2
40,2,2
40,2,2
40,2,2
40,2,2
40,2,2
40,2,2
40,2,2
40,2,2
40,2,2
40,2,2
40,2,2
40,2,2
40,2,2
40,2,2
40,2,2
40,2,2
40,2,2
40,2,2
40,2,2
40,2,2
40,2,2
40,2,2
40,2,2
40,2,2
40,2,2
40,2,2
40,2,2
40,2,2
40,2,2
40,2,2
40,2,2
40,2,2
40,2,2
40,2,2
40,2,2
40,2,2
40,2,2
40,2,2
40,2,2
40,2,2
40,2,2
40,2,2
40,2,2
40,2,2
40,2,1
40,2,1
40,2,1
40,2,1
40,2,1
40,2,1
40,2,1
40,2,1
40,2,1
40,2,1
40,2,1
40,2,1
40,2,1
40,2,1
40,2,1
40,2,1
40,2,1
40,2,1
40,2,1
40,2,1
40,2,1
40,2,1
40,2,1
40,2,1
40,2,1
40,2,1
40,2,1
40,2,1
40,2,1
40,2,1
40,2,1
40,2,1
40,2,1
40,2,1
40,2,1
40,2,1
40,2,1
40,2,2
40,2,2
40,2,2
40,2,2
40,2,2
40,2,2
40,2,2
40,2,2
40,2,2
40,2,2
40,2,2
40,2,2
40,2,2
40,2,2
40,2,2
40,2,2
40,2,2
40,2,2
40,2,2
40,2,2
40,2,2
40,2,2
40,2,2
40,2,2
40,2,2
40,2,2
40,2,2
40,2,2
40,2,2
40,2,2
40,2,2
40,2,2
40,2,2
40,2,2
40,2,2
40,2,2
40,2,2
40,2,1
40,2,1
40,2,1
40,2,1
40,2,1
40,2,1
40,2,1
40,2,1
40,2,1
40,2,1
40,2,1
40,2,1
40,2,1
40,2,1
40,2,1
40,2,1
40,2,1
40,2,1
40,2,1
40,2,1
40,2,1
40,2,1
40,2,1
40,2,1
40,2,1
40,2,1
40,2,1
40,2,1
40,2,1
40,2,1
40,2,1
40,2,1
40,2,1
40,2,1
40,2,1
40,2,1
40,2,1
40,2,1
40,2,1
40,2,1
40,2,1
40,2,1
40,2,1
40,2,1
40,2,1
40,2,1
40,2,1
40,2,1
40,2,1
40,2,1
40,2,1
40,2,1
40,2,1
40,2,1
40,2,1
40,2,1
40,2,1
40,2,1
40,2,1
40,2,1
40,2,1
40,2,1
40,2,1
40,2,1
40,2,1
40,2,1
40,2,1
40,2,1
40,2,1
40,2,1
40,2,1
40,2,2
40,2,2
40,2,2
40,2,2
40,2,2
40,2,2
40,2,2
40,2,2
40,2,2
40,2,2
40,2,2
40,2,2
40,2,2
40,2,2
40,2,2
40,2,2
40,2,2
40,2,2
40,2,2
40,2,2
40,2,2
40,2,2
40,2,2
40,2,2
40,2,2
40,2,2
40,2,2
40,2,2
40,2,2
40,2,2
40,2,2
40,2,2
40,2,2
40,2,2
40,2,2
40,2,2
40,2,2
40,2,2
40,2,1
40,2,1
40,2,1
40,2,1
40,2,1
40,2,1
40,2,1
40,2,1
40,2,1
40,2,1
40,2,1
40,2,1
40,2,1
40,2,1
40,2,1
40,2,1
40,2,1
40,2,1
40,2,1
40,2,1
40,2,1
40,2,1
40,2,1
40,2,1
40,2,1
40,2,1
40,2,1
40,2,1
40,2,1
40,2,1
40,2,1
40,2,1
40,2,1
40,2,1
40,2,1
40,2,1
40,2,1
40,2,1
40,2,1
40,2,1
40,2,1
40,2,1
40,2,1
40,2,1
40,2,1
40,2,1
40,2,1
40,2,1
40,2,1
40,2,1
40,2,1
40,2,1
40,2,1
40,2,1
40,2,1
40,2,1
40,2,1
40,2,1
40,2,1
40,2,1
40,2,1
40,2,1
40,2,1
40,2,1
40,2,1
40,2,1
40,2,1
40,2,1
40,2,1
40,2,2
40,2,2
40,2,2
40,2,2
40,2,2
40,2,2
40,2,2
40,2,2
40,2,2
40,2,2
40,2,2
40,2,2
40,2,2
40,2,2
40,2,2
40,2,2
40,2,2
40,2,2
40,2,2
40,2,2
40,2,2
40,2,2
40,2,2
40,2,2
40,2,2
40,2,2
40,2,2
40,2,2
40,2,2
40,2,2
40,2,2
40,2,2
40,2,2
40,2,2
40,2,1
40,2,1
40,2,1
40,2,1
40,2,1
40,2,1
40,2,1
40,2,1
40,2,1
40,2,1
40,2,1
40,2,1
40,2,1
40,2,1
40,2,1
40,2,1
40,2,1
40,2,1
40,2,1
40,2,1
40,2,1
40,2,1
40,2,1
40,2,1
40,2,1
40,2,1
40,2,1
40,2,1
40,2,1
40,2,1
40,2,1
40,2,1
40,2,1
40,2,1
40,2,2
40,2,2
40,2,2
40,2,2
40,2,2
40,2,2
40,2,2
40,2,2
40,2,2
40,2,2
40,2,2
40,2,2
40,2,2
40,2,2
40,2,2
40,2,2
40,2,2
40,2,2
40,2,2
40,2,2
40,2,2
40,2,2
40,2,2
40,2,2
40,2,2
40,2,2
40,2,2
40,2,2
40,2,2
40,2,2
40,2,2
40,2,2
40,2,2
40,2,2
40,2,2
40,2,2
40,2,2
40,2,2
40,2,2
40,2,2
40,2,2
40,2,2
40,2,2
40,2,2
40,2,2
40,2,2
40,2,2
40,2,2
40,2,2
40,2,2
40,2,2
40,2,2
40,2,2
40,2,2
40,2,2
40,2,2
40,2,2
40,2,2
40,2,2
40,2,2
40,2,2
40,2,2
40,2,2
40,2,2
40,2,2
40,2,2
40,2,2
40,2,2
40,2,2
40,2,2
40,2,2
40,2,2
40,2,2
40,2,2
40,2,2
40,2,2
40,2,2
40,2,2
40,2,2
40,2,2
40,2,2
40,2,2
40,2,2
40,2,2
40,2,2
40,2,2
40,2,2
40,2,2
40,2,2
40,2,2
40,2,2
40,2,2
40,2,2
40,2,2
40,2,2
40,2,2
40,2,2
40,2,2
40,2,2
40,2,2
40,2,2
40,2,2
40,2,2
40,2,2
40,2,2
40,2,2
40,2,2
40,2,2
40,2,2
40,2,2
40,2,2
40,2,2
40,2,2
40,2,2
40,2,2
40,2,2
40,2,2
40,2,2
40,2,2
40,2,2
40,2,2
40,2,2
40,2,2
40,2,2
40,2,2
40,2,2
40,2,2
40,2,2
40,2,2
40,2,2
40,2,2
40,2,2
40,2,2
40,2,2
40,2,2
40,2,2
40,2,2
40,2,2
40,2,2
40,2,2
40,2,2
40,2,2
40,2,2
40,2,2
40,2,2
40,2,2
40,2,1
40,2,1
40,2,1
40,2,1
40,2,1
40,2,1
40,2,1
40,2,1
40,2,1
40,2,1
40,2,1
40,2,1
40,2,1
40,2,1
40,2,1
40,2,1
40,2,1
40,2,1
40,2,1
40,2,1
40,2,1
40,2,1
40,2,1
40,2,1
40,2,1
40,2,1
40,2,1
40,2,1
40,2,1
40,2,1
40,2,1
40,2,1
40,2,1
40,2,1
40,2,1
40,2,1
40,2,1
40,2,1
40,2,1
40,2,1
40,2,1
40,2,1
40,2,1
40,2,1
40,2,1
40,2,1
40,2,1
40,2,1
40,2,1
40,2,1
40,2,1
40,2,1
40,2,1
40,2,1
40,2,1
40,2,1
40,2,1
40,2,1
40,2,1
40,2,1
40,2,1
40,2,1
40,2,1
40,2,1
40,2,1
40,2,1
40,2,1
40,2,1
40,2,1
40,2,1
40,2,2
40,2,2
40,2,2
40,2,2
40,2,2
40,2,2
40,2,2
40,2,2
40,2,2
40,2,2
40,2,2
40,2,2
40,2,2
40,2,2
40,2,2
40,2,2
40,2,2
40,2,2
40,2,2
40,2,2
40,2,2
40,2,2
40,2,2
40,2,2
40,2,2
40,2,2
40,2,2
40,2,2
40,2,2
40,2,2
40,2,2
40,2,2
40,2,2
40,2,2
40,2,2
40,2,2
40,2,2
40,2,2
40,2,2
40,2,2
40,2,2
40,2,2
40,2,2
40,2,2
40,2,2
40,2,2
40,2,2
40,2,2
40,2,2
40,2,2
40,2,2
40,2,2
40,2,2
40,2,2
40,2,2
40,2,2
40,2,2
40,2,2
40,2,2
40,2,2
40,2,2
40,2,2
40,2,2
40,2,2
40,2,2
40,2,2
40,2,2
40,2,2
40,2,2
40,2,2
40,2,2
40,2,2
40,2,2
40,2,2
40,2,2
40,2,2
40,2,2
40,2,2
40,2,2
40,2,2
40,2,2
40,2,2
40,2,2
40,2,2
40,2,2
40,2,2
40,2,2
40,2,2
40,2,2
40,2,2
40,2,2
40,2,2
40,2,2
40,2,2
40,2,2
40,2,2
40,2,2
40,2,2
40,2,2
40,2,2
40,2,2
40,2,2
40,2,2
40,2,2
40,2,2
40,2,2
40,2,2
40,2,2
40,2,2
40,2,2
40,2,2
40,2,2
40,2,2
40,2,2
40,2,2
40,2,2
40,2,2
40,2,2
40,2,2
40,2,2
40,2,2
40,2,2
40,2,2
40,2,2
40,2,2
40,2,2
40,2,2
40,2,2
40,2,2
40,2,2
40,2,2
40,2,2
40,2,2
40,2,2
40,2,2
40,2,2
40,2,2
40,2,2
40,2,2
40,2,2
40,2,2
40,2,2
40,2,2
40,2,2
40,2,2
40,2,2
40,2,2
40,2,2
40,2,2
40,2,2
40,2,2
40,2,2
40,2,2
40,2,2
40,2,2
40,2,2
40,2,2
40,2,2
40,2,2
40,2,2
40,2,2
40,2,2
40,2,2
40,2,2
40,2,2
40,2,2
40,2,2
40,2,2
40,2,2
40,2,2
40,2,2
40,2,2
40,2,2
40,2,2
40,2,2
40,2,2
40,2,2
40,2,2
40,2,2
40,2,2
40,2,2
40,2,2
40,2,2
40,2,2
40,2,2
40,2,2
40,2,2
40,2,2
40,2,2
40,2,2
40,2,2
40,2,2
40,2,2
40,2,2
40,2,2
40,2,2
40,2,2
40,2,2
40,2,2
40,2,2
40,2,2
40,2,2
40,2,2
40,2,2
40,2,2
40,2,2
40,2,2
40,2,2
40,2,2
40,2,2
40,2,2
40,2,2
40,2,2
40,2,2
40,2,2
40,2,1
40,2,1
40,2,1
40,2,1
40,2,1
40,2,1
40,2,1
40,2,1
40,2,1
40,2,1
40,2,1
40,2,1
40,2,1
40,2,1
40,2,1
40,2,1
40,2,1
40,2,1
40,2,1
40,2,1
40,2,1
40,2,1
40,2,1
40,2,1
40,2,1
40,2,1
40,2,1
40,2,1
40,2,1
40,2,1
40,2,1
40,2,1
40,2,1
40,2,1
40,2,1
40,2,1
40,2,1
40,2,1
40,2,2
40,2,2
40,2,2
40,2,2
40,2,2
40,2,2
40,2,2
40,2,2
40,2,2
40,2,2
40,2,2
40,2,2
40,2,2
40,2,2
40,2,2
40,2,2
40,2,2
40,2,2
40,2,2
40,2,2
40,2,2
40,2,2
40,2,2
40,2,2
40,2,2
40,2,2
40,2,2
40,2,2
40,2,2
40,2,2
40,2,1
40,2,1
40,2,1
40,2,1
40,2,1
40,2,1
40,2,1
40,2,1
40,2,1
40,2,1
40,2,1
40,2,1
40,2,1
40,2,1
40,2,1
40,2,1
40,2,1
40,2,1
40,2,1
40,2,1
40,2,1
40,2,1
40,2,1
40,2,1
40,2,1
40,2,1
40,2,1
40,2,1
40,2,1
40,2,1
40,2,1
40,2,1
40,2,1
40,2,1
40,2,1
40,2,1
40,2,1
40,2,1
40,2,1
40,2,1
40,2,1
40,2,1
40,2,1
40,2,1
40,2,1
40,2,1
40,2,1
40,2,1
40,2,1
40,2,1
40,2,1
40,2,1
40,2,1
40,2,1
40,2,1
40,2,1
40,2,1
40,2,1
40,2,1
40,2,1
40,2,1
40,2,1
40,2,1
40,2,1
40,2,1
40,2,1
40,2,1
40,2,1
40,2,1
40,2,1
40,2,1
40,2,1
40,2,1
40,2,1
40,2,1
40,2,1
40,2,1
40,2,1
40,2,1
40,2,1
40,2,1
40,2,1
40,2,1
40,2,1
40,2,1
40,2,1
40,2,1
40,2,1
40,2,1
40,2,1
40,2,1
40,2,1
40,2,1
40,2,1
40,2,1
40,2,1
40,2,1
40,2,1
40,2,1
40,2,1
40,2,1
40,2,1
40,2,1
40,2,1
40,2,1
40,2,1
40,2,1
40,2,1
40,2,1
40,2,1
40,2,1
40,2,1
40,2,1
40,2,1
40,2,1
40,2,1
40,2,1
40,2,1
40,2,1
40,2,1
40,2,1
40,2,1
40,2,1
40,2,1
40,2,1
40,2,1
40,2,1
40,2,1
40,2,1
40,2,1
40,2,1
40,2,1
40,2,1
40,2,1
40,2,1
40,2,1
40,2,1
40,2,1
40,2,1
40,2,1
40,2,1
40,2,1
40,2,1
40,2,1
40,2,1
40,2,1
40,2,1
40,2,1
40,2,1
40,2,1
40,2,1
40,2,1
40,2,1
40,2,1
40,2,1
40,2,1
40,2,1
40,2,1
40,2,1
40,2,1
40,2,1
40,2,1
40,2,1
40,2,1
40,2,1
40,2,1
40,2,1
40,2,1
40,2,1
40,2,1
40,2,1
40,2,1
40,2,1
40,2,1
40,2,2
40,2,2
40,2,2
40,2,2
40,2,2
40,2,2
40,2,2
40,2,2
40,2,2
40,2,2
40,2,2
40,2,2
40,2,2
40,2,2
40,2,2
40,2,2
40,2,2
40,2,2
40,2,2
40,2,2
40,2,2
40,2,2
40,2,2
40,2,2
40,2,2
40,2,2
40,2,2
40,2,2
40,2,2
40,2,2
40,2,2
40,2,2
40,2,2
40,2,2
40,2,2
40,2,2
40,2,2
40,2,2
40,2,2
40,2,2
40,2,2
40,2,2
40,2,2
40,2,2
40,2,2
40,2,2
40,2,2
40,2,2
40,2,2
40,2,2
40,2,2
40,2,2
40,2,2
40,2,2
40,2,2
40,2,2
40,2,2
40,2,2
40,2,2
40,2,2
40,2,2
40,2,2
40,2,2
40,2,2
40,2,2
40,2,2
40,2,2
40,2,2
40,2,2
40,2,2
40,2,2
40,2,2
40,2,2
40,2,2
40,2,2
40,2,2
40,2,2
40,2,2
40,2,2
40,2,2
40,2,2
40,2,2
40,2,2
40,2,2
40,2,2
40,2,2
40,2,2
40,2,2
40,2,2
40,2,2
40,2,2
40,2,2
40,2,2
40,2,2
40,2,2
40,2,2
40,2,2
40,2,2
40,2,2
40,2,2
40,2,2
40,2,2
40,2,2
40,2,2
40,2,2
40,2,2
40,2,2
40,2,2
40,2,2
40,2,2
40,2,2
40,2,2
40,2,2
40,2,2
40,2,2
40,2,2
40,2,2
40,2,2
40,2,2
40,2,2
40,2,2
40,2,2
40,2,2
40,2,2
40,2,2
40,2,2
40,2,2
40,2,2
40,2,2
40,2,2
40,2,2
40,2,2
40,2,2
40,2,2
40,2,2
40,2,2
40,2,2
40,2,2
40,2,2
40,2,2
40,2,2
40,2,2
40,2,2
40,2,2
40,2,2
40,2,2
40,2,2
40,2,2
40,2,2
40,2,2
40,2,2
40,2,2
40,2,2
40,2,2
40,2,2
40,2,2
40,2,2
40,2,2
40,2,2
40,2,2
40,2,2
40,2,2
40,2,2
40,2,2
40,2,2
40,2,2
40,2,2
40,2,2
40,2,2
40,2,2
40,2,2
40,2,2
40,2,2
40,2,2
40,2,2
40,2,2
40,2,2
40,2,2
40,2,2
40,2,2
40,2,2
40,2,2
40,2,2
40,2,2
40,2,2
40,2,2
40,2,2
40,2,2
40,2,2
40,2,2
40,2,2
40,2,2
40,2,2
40,2,2
40,2,2
40,2,2
40,2,2
40,2,2
40,2,2
40,2,2
40,2,2
40,2,2
40,2,2
40,2,2
40,2,2
40,2,2
40,2,2
40,2,2
40,2,2
40,2,2
40,2,2
40,2,2
40,2,2
40,2,2
40,2,2
40,2,2
40,2,2
40,2,2
40,2,2
40,2,2
40,2,2
40,2,2
40,2,2
40,2,2
40,2,2
40,2,2
40,2,2
40,2,2
40,2,2
40,2,2
40,2,2
40,2,2
40,2,2
40,2,2
40,2,2
40,2,2
40,2,2
40,2,2
40,2,2
40,2,2
40,2,2
40,2,2
40,2,2
40,2,2
40,2,2
40,2,2
40,2,2
40,2,2
40,2,2
40,2,2
40,2,2
40,2,2
40,2,2
40,2,2
40,2,2
40,2,2
40,2,2
40,2,1
40,2,1
40,2,1
40,2,1
40,2,1
40,2,1
40,2,1
40,2,1
40,2,1
40,2,1
40,2,1
40,2,1
40,2,1
40,2,1
40,2,1
40,2,1
40,2,1
40,2,1
40,2,1
40,2,1
40,2,1
40,2,1
40,2,1
40,2,1
40,2,1
40,2,1
40,2,1
40,2,1
40,2,1
40,2,1
40,2,1
40,2,1
40,2,1
40,2,1
40,2,1
40,2,1
40,2,1
40,2,1
40,2,1
40,2,1
40,2,1
40,2,1
40,2,1
40,2,1
40,2,1
40,2,1
40,2,1
40,2,1
40,2,1
40,2,1
40,2,1
40,2,1
40,2,1
40,2,1
40,2,1
40,2,1
40,2,1
40,2,1
40,2,1
40,2,1
40,2,1
40,2,1
40,2,1
40,2,1
40,2,1
40,2,1
40,2,1
40,2,1
40,2,1
40,2,1
40,2,1
40,2,1
40,2,1
40,2,1
40,2,1
40,2,1
40,2,1
40,2,1
40,2,1
40,2,1
40,2,1
40,2,1
40,2,1
40,2,1
40,2,1
40,2,1
40,2,1
40,2,1
40,2,1
40,2,1
40,2,1
40,2,1
40,2,1
40,2,1
40,2,1
40,2,1
40,2,1
40,2,1
40,2,1
40,2,1
40,2,1
40,2,1
40,2,1
40,2,1
40,2,1
40,2,1
40,2,1
40,2,1
40,2,1
40,2,1
40,2,1
40,2,1
40,2,1
40,2,1
40,2,1
40,2,1
40,2,1
40,2,1
40,2,1
40,2,1
40,2,1
40,2,1
40,2,1
40,2,1
40,2,1
40,2,1
40,2,1
40,2,1
40,2,1
40,2,1
40,2,1
40,2,1
40,2,1
40,2,1
40,2,1
40,2,1
40,2,1
40,2,1
40,2,1
40,2,1
40,2,1
40,2,1
40,2,1
40,2,1
40,2,1
40,2,1
40,2,1
40,2,1
40,2,1
40,2,1
40,2,1
40,2,1
40,2,1
40,2,1
40,2,1
40,2,1
40,2,1
40,2,1
40,2,1
40,2,1
40,2,1
40,2,1
40,2,1
40,2,1
40,2,1
40,2,1
40,2,1
40,2,1
40,2,1
40,2,1
40,2,1
40,2,1
40,2,1
40,2,1
40,2,1
40,2,1
40,2,1
40,2,1
40,2,1
40,2,1
40,2,1
40,2,1
40,2,1
40,2,1
40,2,1
40,2,1
40,2,1
40,2,1
40,2,1
40,2,1
40,2,1
40,2,1
40,2,1
40,2,1
40,2,1
40,2,1
40,2,1
40,2,1
40,2,1
40,2,1
40,2,1
40,2,1
40,2,1
40,2,1
40,2,1
40,2,1
40,2,1
40,2,1
40,2,1
40,2,1
40,2,1
40,2,1
40,2,1
40,2,1
40,2,1
40,2,1
40,2,1
40,2,1
40,2,1
40,2,1
40,2,1
40,2,1
40,2,1
40,2,1
40,2,1
40,2,1
40,2,1
40,2,1
40,2,1
40,2,1
40,2,1
40,2,1
40,2,1
40,2,1
40,2,1
40,2,1
40,2,1
40,2,1
40,2,1
40,2,1
40,2,1
40,2,1
40,2,1
40,2,1
40,2,1
40,2,1
40,2,1
40,2,1
40,2,1
40,2,1
40,2,1
40,2,1
40,2,1
40,2,1
40,2,1
40,2,1
40,2,1
40,2,1
40,2,1
40,2,1
40,2,1
40,2,2
40,2,2
40,2,2
40,2,2
40,2,2
40,2,2
40,2,2
40,2,2
40,2,2
40,2,2
40,2,2
40,2,2
40,2,2
40,2,2
40,2,2
40,2,2
40,2,2
40,2,2
40,2,2
40,2,2
40,2,2
40,2,2
40,2,2
40,2,2
40,2,2
40,2,2
40,2,2
40,2,2
40,2,2
40,2,2
40,2,2
40,2,2
40,2,2
40,2,2
40,2,2
40,2,2
40,2,2
40,2,2
40,2,2
40,2,2
40,2,2
40,2,2
40,2,2
40,2,2
40,2,2
40,2,2
40,2,2
40,2,2
40,2,2
40,2,2
40,2,2
40,2,2
40,2,2
40,2,2
40,2,2
40,2,2
40,2,2
40,2,2
40,2,2
40,2,2
40,2,2
40,2,2
40,2,2
40,2,2
40,2,2
40,2,2
40,2,2
40,2,2
40,2,2
40,2,2
40,2,2
40,2,2
40,2,2
40,2,2
40,2,2
40,2,2
40,2,2
40,2,2
40,2,2
40,2,2
40,2,2
40,2,2
40,2,2
40,2,2
40,2,2
40,2,2
40,2,2
-1,-1,2
40,2,2
40,2,2
40,2,2
40,2,2
40,2,2
40,2,2
40,2,2
40,2,2
40,2,2
40,2,2
40,2,2
40,2,2
40,2,2
40,2,2
-1,-1,2
40,2,2
40,2,2
40,2,2
40,2,2
40,2,2
40,2,2
40,2,2
40,2,2
40,2,2
40,2,2
40,2,2
40,2,2
40,2,2
40,2,2
40,2,2
40,2,1
40,2,1
40,2,1
40,2,1
40,2,1
40,2,1
40,2,1
40,2,1
40,2,1
40,2,1
40,2,1
40,2,1
40,2,1
40,2,1
40,2,1
40,2,1
40,2,1
40,2,1
40,2,1
40,2,1
40,2,1
40,2,1
40,2,1
40,2,1
40,2,1
40,2,1
40,2,1
40,2,1
40,2,1
40,2,1
40,2,1
40,2,1
40,2,1
40,2,1
40,2,2
40,2,2
40,2,2
40,2,2
40,2,2
40,2,2
40,2,2
40,2,2
40,2,2
40,2,2
40,2,2
-1,-1,2
-1,-1,2
-1,-1,2
41,2,2
41,2,2
41,2,2
40,2,2
40,2,2
41,2,2
40,2,2
40,2,2
40,2,2
40,2,2
40,2,2
41,2,2
41,2,2
40,2,2
40,2,2
41,2,2
40,2,2
40,2,2
40,2,2
40,2,2
41,2,2
41,2,2
-1,-1,6
-1,-1,6
-1,-1,6
-1,-1,6
-1,-1,6
-1,-1,6
-1,-1,6
-1,-1,6
-1,-1,6
-1,-1,6
-1,-1,6
-1,-1,6
-1,-1,6
-1,-1,6
0,5,6
-1,-1,6
-1,-1,6
-1,-1,6
-1,-1,6
42,6,6
42,6,6
42,6,6
42,6,6
42,6,6
42,6,6
-1,-1,6
-1,-1,6
-1,-1,6
-1,-1,6
-1,-1,6
-1,-1,6
-1,-1,6
-1,-1,6
-1,-1,6
-1,-1,6
43,5,6
43,5,6
43,5,5
43,5,5
44,5,5
-1,-1,5
1,5,5
-1,-1,5
45,5,5
45,5,5
45,5,5
-1,-1,5
-1,-1,5
-1,-1,5
45,5,5
45,5,5
-1,-1,5
46,5,5
46,5,5
-1,-1,5
-1,-1,5
46,5,5
47,5,5
47,5,5
46,5,5
44,5,5
44,5,5
46,5,5
44,5,5
44,5,5
44,5,5
46,5,5
44,5,5
44,5,5
47,5,5
47,5,5
47,5,5
47,5,5
-1,-1,5
-1,-1,5
-1,-1,5
-1,-1,5
-1,-1,5
-1,-1,5
1,5,5
44,5,5
1,5,5
1,5,5
48,5,5
48,5,5
48,5,5
48,5,5
48,5,5
48,5,5
1,5,5
43,5,5
1,5,5
1,5,5
49,5,5
49,5,5
49,5,5
1,5,5
43,5,5
1,5,5
1,5,5
49,5,5
-1,-1,5
1,5,5
49,5,5
1,5,5
-1,-1,5
-1,-1,5
-1,-1,6
-1,-1,6
49,5,6
48,5,6
-1,-1,6
48,5,6
48,5,6
48,5,6
48,5,6
-1,-1,6
-1,-1,6
-1,-1,6
43,5,6
-1,-1,6
-1,-1,6
1,5,6
1,5,6
1,5,6
-1,-1,6
1,5,6
1,5,6
-1,-1,6
1,5,6
-1,-1,6
-1,-1,6
-1,-1,6
-1,-1,6
-1,-1,6
-1,-1,6
-1,-1,6
-1,-1,6
-1,-1,6
-1,-1,6
-1,-1,6
-1,-1,6
-1,-1,6
-1,-1,6
-1,-1,6
-1,-1,6
-1,-1,6
-1,-1,6
-1,-1,6
-1,-1,6
-1,-1,6
-1,-1,6
-1,-1,6
50,6,6
50,6,6
50,6,6
50,6,6
50,6,6
50,6,6
50,6,6
50,6,6
50,6,6
50,6,6
50,6,6
50,6,6
50,6,6
50,6,6
-1,-1,6
-1,-1,6
50,6,6
50,6,6
50,6,6
50,6,6
50,6,6
50,6,6
50,6,6
50,6,6
50,6,6
-1,-1,6
-1,-1,6
-1,-1,6
-1,-1,6
51,6,6
51,6,6
51,6,6
51,6,6
33,5,6
51,6,6
51,6,6
-1,-1,6
-1,-1,6
-1,-1,6
-1,-1,6
-1,-1,6
-1,-1,6
-1,-1,6
-1,-1,6
-1,-1,6
-1,-1,6
-1,-1,6
-1,-1,6
-1,-1,6
-1,-1,6
-1,-1,6
-1,-1,6
52,6,6
52,6,6
52,6,6
9,7,6
-1,-1,6
52,6,6
52,6,6
52,6,6
52,6,6
52,6,6
52,6,6
52,6,6
52,6,6
52,6,6
52,6,6
52,6,6
52,6,6
52,6,6
52,6,6
52,6,6
52,6,6
52,6,6
52,6,6
52,6,6
52,6,6
52,6,6
52,6,6
52,6,6
52,6,6
52,6,6
52,6,6
52,6,6
52,6,6
52,6,6
52,6,6
52,6,6
52,6,6
-1,-1,6
-1,-1,6
1,5,6
-1,-1,6
-1,-1,6
-1,-1,6
-1,-1,6
-1,-1,6
-1,-1,5
-1,-1,5
-1,-1,5
-1,-1,5
54,5,5
-1,-1,5
39,5,5
39,5,5
53,5,5
53,5,5
39,5,5
53,5,5
39,5,5
39,5,5
-1,-1,5
-1,-1,5
27,5,5
27,5,5
54,5,5
54,5,5
54,5,5
27,5,5
54,5,5
54,5,5
54,5,5
54,5,5
27,5,5
54,5,5
54,5,5
-1,-1,5
53,5,5
53,5,5
53,5,5
53,5,5
53,5,5
53,5,5
53,5,5
53,5,5
53,5,5
53,5,5
53,5,5
53,5,5
53,5,5
53,5,5
53,5,5
53,5,5
53,5,5
53,5,5
53,5,5
53,5,5
53,5,5
53,5,5
53,5,5
53,5,5
53,5,5
53,5,5
53,5,5
53,5,5
53,5,5
53,5,5
53,5,5
53,5,5
53,5,5
53,5,5
53,5,5
53,5,5
53,5,5
53,5,5
53,5,5
53,5,5
53,5,5
53,5,5
53,5,5
39,5,5
39,5,5
39,5,5
39,5,5
39,5,5
39,5,5
39,5,5
39,5,5
39,5,5
39,5,5
39,5,5
39,5,5
39,5,5
39,5,5
39,5,5
39,5,5
39,5,5
39,5,5
39,5,5
39,5,5
39,5,5
39,5,5
39,5,5
39,5,5
53,5,5
53,5,5
-1,-1,5
39,5,5
39,5,5
-1,-1,5
54,5,5
54,5,5
54,5,5
54,5,5
54,5,5
54,5,5
54,5,5
54,5,5
54,5,5
54,5,5
54,5,5
54,5,5
54,5,5
54,5,5
54,5,5
-1,-1,5
-1,-1,5
-1,-1,5
-1,-1,5
-1,-1,5
54,5,5
39,5,5
39,5,5
39,5,5
39,5,5
39,5,5
39,5,5
-1,-1,5
-1,-1,5
-1,-1,5
-1,-1,5
-1,-1,5
-1,-1,5
-1,-1,5
55,2,2
55,2,2
56,2,2
56,2,2
56,2,2
56,2,2
56,2,2
55,2,2
56,2,2
56,2,2
56,2,2
55,2,2
55,2,2
55,2,2
56,2,2
56,2,2
56,2,2
56,2,2
56,2,2
56,2,2
56,2,2
56,2,2
56,2,2
55,2,2
56,2,2
56,2,2
56,2,2
55,2,2
56,2,2
56,2,2
56,2,2
56,2,2
56,2,2
56,2,2
56,2,2
56,2,2
56,2,2
56,2,2
56,2,2
56,2,2
56,2,2
56,2,2
56,2,2
55,2,2
55,2,2
56,2,2
56,2,2
56,2,2
56,2,2
56,2,2
56,2,2
56,2,2
56,2,2
56,2,2
56,2,2
56,2,2
56,2,2
56,2,2
55,2,2
55,2,2
55,2,2
56,2,2
56,2,2
56,2,2
56,2,2
56,2,2
56,2,2
56,2,2
56,2,2
57,2,2
56,2,2
56,2,2
56,2,2
56,2,2
57,2,2
56,2,2
56,2,2
56,2,2
56,2,2
56,2,2
56,2,2
57,2,2
56,2,2
56,2,2
56,2,2
56,2,2
56,2,2
56,2,2
56,2,2
56,2,2
57,2,2
56,2,2
56,2,2
56,2,2
56,2,2
56,2,2
56,2,2
56,2,2
56,2,2
56,2,2
56,2,2
56,2,2
56,2,2
56,2,2
56,2,2
56,2,2
56,2,2
56,2,2
55,2,2
55,2,2
56,2,2
56,2,2
56,2,2
57,2,2
55,2,2
56,2,2
55,2,2
56,2,2
56,2,2
56,2,2
56,2,2
57,2,2
56,2,2
56,2,2
56,2,2
56,2,2
56,2,2
56,2,2
56,2,2
56,2,2
56,2,2
56,2,2
56,2,2
56,2,2
56,2,2
56,2,2
56,2,2
56,2,2
56,2,2
57,2,2
56,2,2
56,2,2
56,2,2
56,2,2
56,2,2
56,2,2
56,2,2
56,2,2
55,2,2
56,2,2
56,2,2
56,2,2
56,2,2
56,2,2
56,2,2
56,2,2
56,2,2
56,2,2
55,2,2
56,2,2
56,2,2
56,2,2
56,2,2
55,2,2
55,2,2
56,2,2
55,2,2
56,2,2
55,2,2
55,2,2
55,2,2
56,2,2
56,2,2
55,2,2
55,2,2
56,2,2
56,2,2
56,2,2
56,2,2
56,2,2
56,2,2
56,2,2
56,2,2
56,2,2
56,2,2
56,2,2
56,2,2
56,2,2
56,2,2
56,2,2
56,2,2
56,2,2
56,2,2
55,2,2
55,2,2
56,2,2
56,2,2
56,2,2
56,2,2
57,2,2
56,2,2
56,2,2
55,2,2
55,2,2
55,2,2
56,2,2
56,2,2
56,2,2
56,2,2
57,2,2
56,2,2
55,2,2
55,2,2
56,2,2
56,2,2
56,2,2
56,2,2
56,2,2
56,2,2
56,2,2
56,2,2
56,2,2
56,2,2
56,2,2
56,2,2
56,2,2
55,2,2
56,2,2
55,2,2
56,2,2
56,2,2
56,2,2
56,2,2
56,2,2
56,2,2
57,2,2
56,2,2
56,2,2
56,2,2
57,2,2
55,2,2
55,2,2
55,2,2
56,2,2
56,2,2
56,2,2
56,2,2
56,2,2
55,2,2
55,2,2
56,2,2
56,2,2
56,2,2
57,2,2
56,2,2
55,2,2
55,2,2
55,2,2
56,2,2
56,2,2
56,2,2
56,2,2
56,2,2
56,2,2
56,2,2
56,2,2
56,2,2
56,2,2
57,2,2
56,2,2
56,2,2
56,2,2
57,2,2
56,2,2
56,2,2
56,2,2
56,2,2
55,2,2
55,2,2
56,2,2
56,2,2
56,2,2
57,2,2
56,2,2
56,2,2
56,2,2
56,2,2
56,2,2
55,2,2
56,2,2
55,2,2
55,2,2
56,2,2
56,2,2
56,2,2
56,2,2
56,2,2
56,2,2
56,2,2
55,2,2
55,2,2
55,2,2
55,2,2
55,2,2
55,2,2
55,2,2
55,2,2
56,2,2
56,2,2
56,2,2
56,2,2
56,2,2
56,2,2
56,2,2
56,2,2
56,2,2
56,2,2
56,2,2
56,2,2
56,2,2
56,2,2
57,2,2
57,2,2
56,2,2
56,2,2
56,2,2
56,2,2
56,2,2
57,2,2
56,2,2
56,2,2
55,2,2
55,2,2
57,2,2
56,2,2
56,2,2
56,2,2
56,2,2
56,2,2
55,2,2
56,2,2
57,2,2
56,2,2
56,2,2
56,2,2
56,2,2
55,2,2
56,2,2
56,2,2
56,2,2
56,2,2
56,2,2
56,2,2
56,2,2
55,2,2
56,2,2
56,2,2
56,2,2
56,2,2
56,2,2
56,2,2
56,2,2
56,2,2
56,2,2
56,2,2
56,2,2
56,2,2
57,2,2
56,2,2
56,2,2
56,2,2
56,2,2
56,2,2
56,2,2
57,2,2
57,2,2
56,2,2
56,2,2
56,2,2
56,2,2
56,2,2
56,2,2
56,2,2
57,2,2
57,2,2
56,2,2
56,2,2
56,2,2
56,2,2
56,2,2
56,2,2
56,2,2
56,2,2
56,2,2
56,2,2
56,2,2
56,2,2
56,2,2
56,2,2
56,2,2
56,2,2
56,2,2
56,2,2
56,2,2
56,2,2
56,2,2
56,2,2
56,2,2
56,2,2
56,2,2
56,2,2
56,2,2
56,2,2
56,2,2
56,2,2
56,2,2
56,2,2
56,2,2
56,2,2
56,2,2
56,2,2
56,2,2
56,2,2
56,2,2
56,2,2
56,2,2
56,2,2
56,2,2
56,2,2
56,2,2
56,2,2
57,2,2
56,2,2
56,2,2
56,2,2
56,2,2
56,2,2
55,2,2
55,2,2
56,2,2
56,2,2
56,2,2
55,2,2
56,2,2
56,2,2
56,2,2
56,2,2
56,2,2
55,2,2
56,2,2
56,2,2
56,2,2
57,2,2
56,2,2
56,2,2
56,2,2
56,2,2
56,2,2
56,2,2
55,2,2
56,2,2
56,2,2
56,2,2
56,2,2
55,2,2
55,2,2
56,2,2
56,2,2
56,2,2
55,2,2
55,2,2
56,2,2
57,2,2
57,2,2
56,2,2
56,2,2
56,2,2
56,2,2
56,2,2
56,2,2
57,2,2
56,2,2
56,2,2
56,2,2
55,2,2
56,2,2
56,2,2
55,2,2
56,2,2
56,2,2
56,2,2
56,2,2
56,2,2
56,2,2
56,2,2
56,2,2
57,2,2
55,2,2
55,2,2
56,2,2
56,2,2
55,2,2
56,2,2
56,2,2
56,2,2
55,2,2
55,2,2
55,2,2
55,2,2
56,2,2
56,2,2
56,2,2
56,2,2
56,2,2
56,2,2
56,2,2
-1,-1,2
56,2,2
55,2,2
55,2,2
56,2,2
56,2,2
56,2,2
56,2,2
56,2,2
56,2,2
56,2,2
56,2,2
56,2,2
56,2,2
56,2,2
56,2,2
56,2,2
56,2,2
56,2,2
56,2,2
55,2,2
55,2,2
55,2,2
56,2,2
56,2,2
56,2,2
56,2,2
56,2,2
56,2,2
57,2,2
56,2,2
56,2,2
56,2,2
55,2,2
56,2,2
56,2,2
56,2,2
56,2,2
56,2,2
56,2,2
56,2,2
56,2,2
56,2,2
55,2,2
56,2,2
56,2,2
56,2,2
56,2,2
56,2,2
56,2,2
56,2,2
55,2,2
56,2,2
55,2,2
56,2,2
56,2,2
56,2,2
55,2,2
56,2,2
55,2,2
56,2,2
56,2,2
56,2,2
56,2,2
56,2,2
56,2,2
56,2,2
56,2,2
56,2,2
56,2,2
56,2,2
56,2,2
56,2,2
56,2,2
56,2,2
55,2,2
56,2,2
55,2,2
56,2,2
56,2,2
56,2,2
56,2,2
56,2,2
56,2,2
56,2,2
56,2,2
56,2,2
55,2,2
56,2,2
55,2,2
56,2,2
55,2,2
56,2,2
56,2,2
55,2,2
56,2,2
56,2,2
-1,-1,2
56,2,2
56,2,2
56,2,2
56,2,2
56,2,2
56,2,2
55,2,2
56,2,2
56,2,2
56,2,2
56,2,2
55,2,2
56,2,2
55,2,2
56,2,2
56,2,2
56,2,2
56,2,2
55,2,2
56,2,2
56,2,2
56,2,2
55,2,2
56,2,2
57,2,2
56,2,2
56,2,2
56,2,2
56,2,2
56,2,2
56,2,2
57,2,2
56,2,2
56,2,2
56,2,2
56,2,2
56,2,2
56,2,2
56,2,2
56,2,2
56,2,2
56,2,2
56,2,2
56,2,2
56,2,2
56,2,2
56,2,2
56,2,2
56,2,2
56,2,2
56,2,2
56,2,2
56,2,2
56,2,2
56,2,2
56,2,2
56,2,2
56,2,2
56,2,2
56,2,2
56,2,2
56,2,2
56,2,2
56,2,2
56,2,2
56,2,2
56,2,2
56,2,2
56,2,2
56,2,2
56,2,2
56,2,2
56,2,2
56,2,2
56,2,2
56,2,2
56,2,2
56,2,2
56,2,2
56,2,2
56,2,2
55,2,2
56,2,2
56,2,2
56,2,2
56,2,2
56,2,2
56,2,2
56,2,2
56,2,2
56,2,2
56,2,2
56,2,2
56,2,2
56,2,2
56,2,2
56,2,2
55,2,2
56,2,2
56,2,2
56,2,2
56,2,2
55,2,2
56,2,2
56,2,2
56,2,2
56,2,2
55,2,2
56,2,2
56,2,2
56,2,2
56,2,2
56,2,2
55,2,2
56,2,2
56,2,2
56,2,2
56,2,2
56,2,2
56,2,2
56,2,2
55,2,2
56,2,2
55,2,2
56,2,2
56,2,2
56,2,2
56,2,2
56,2,2
56,2,2
56,2,2
56,2,2
56,2,2
56,2,2
56,2,2
56,2,2
56,2,2
55,2,2
55,2,2
56,2,2
55,2,2
56,2,2
56,2,2
56,2,2
56,2,2
56,2,2
55,2,2
55,2,2
56,2,2
56,2,2
56,2,2
55,2,2
56,2,2
56,2,2
56,2,2
56,2,2
56,2,2
56,2,2
56,2,2
56,2,2
56,2,2
56,2,2
56,2,2
56,2,2
56,2,2
56,2,2
56,2,2
56,2,2
55,2,2
56,2,2
56,2,2
56,2,2
56,2,2
56,2,2
56,2,2
56,2,2
56,2,2
56,2,2
56,2,2
56,2,2
56,2,2
56,2,2
56,2,2
56,2,2
56,2,2
56,2,2
56,2,2
57,2,2
55,2,2
55,2,2
56,2,2
56,2,2
56,2,2
56,2,2
56,2,2
56,2,2
56,2,2
55,2,2
56,2,2
56,2,2
55,2,2
56,2,2
56,2,2
55,2,2
56,2,2
55,2,2
56,2,2
56,2,2
56,2,2
56,2,2
56,2,2
56,2,2
56,2,2
55,2,2
55,2,2
55,2,2
55,2,2
56,2,2
55,2,2
56,2,2
56,2,2
56,2,2
55,2,2
55,2,2
56,2,2
55,2,2
55,2,2
55,2,2
56,2,2
56,2,2
56,2,2
56,2,2
56,2,2
56,2,2
56,2,2
55,2,2
56,2,2
55,2,2
56,2,2
56,2,2
55,2,2
56,2,2
56,2,2
56,2,2
55,2,2
56,2,2
55,2,2
56,2,2
56,2,2
55,2,2
56,2,2
56,2,2
56,2,2
56,2,2
55,2,2
56,2,2
56,2,2
56,2,2
56,2,2
56,2,2
55,2,2
-1,-1,2
56,2,2
56,2,2
56,2,2
55,2,2
55,2,2
56,2,2
58,2,2
55,2,2
-1,-1,2
56,2,2
56,2,2
55,2,2
56,2,2
55,2,2
56,2,2
56,2,2
55,2,2
56,2,2
55,2,2
56,2,2
56,2,2
56,2,2
56,2,2
56,2,2
56,2,2
56,2,2
56,2,2
56,2,2
56,2,2
55,2,2
55,2,2
56,2,2
55,2,2
55,2,2
56,2,2
56,2,2
56,2,2
58,2,2
58,2,2
58,2,2
55,2,2
55,2,2
56,2,2
55,2,2
56,2,2
58,2,2
56,2,2
56,2,2
55,2,2
56,2,2
55,2,2
56,2,2
56,2,2
56,2,2
58,2,2
56,2,2
55,2,2
56,2,2
55,2,2
55,2,2
56,2,2
56,2,2
56,2,2
55,2,2
55,2,2
56,2,2
55,2,2
56,2,2
56,2,2
56,2,2
55,2,2
56,2,2
56,2,2
55,2,2
56,2,2
56,2,2
55,2,2
55,2,2
55,2,2
55,2,2
55,2,2
56,2,2
56,2,2
55,2,2
55,2,2
56,2,2
55,2,2
56,2,2
55,2,2
55,2,2
55,2,2
56,2,2
55,2,2
55,2,2
56,2,2
56,2,2
56,2,2
56,2,2
56,2,2
56,2,2
56,2,2
55,2,2
55,2,2
55,2,2
55,2,2
56,2,2
56,2,2
55,2,2
56,2,2
57,2,2
56,2,2
56,2,2
55,2,2
56,2,2
56,2,2
56,2,2
56,2,2
56,2,2
55,2,2
56,2,2
56,2,2
57,2,2
57,2,2
56,2,2
56,2,2
56,2,2
55,2,2
55,2,2
56,2,2
55,2,2
56,2,2
56,2,2
56,2,2
55,2,2
56,2,2
57,2,2
56,2,2
57,2,2
55,2,2
56,2,2
56,2,2
56,2,2
57,2,2
56,2,2
56,2,2
56,2,2
56,2,2
55,2,2
56,2,2
55,2,2
55,2,2
56,2,2
56,2,2
56,2,2
56,2,2
56,2,2
56,2,2
56,2,2
56,2,2
56,2,2
56,2,2
56,2,2
56,2,2
56,2,2
55,2,2
55,2,2
56,2,2
56,2,2
55,2,2
56,2,2
56,2,2
56,2,2
56,2,2
56,2,2
56,2,2
56,2,2
56,2,2
56,2,2
55,2,2
55,2,2
55,2,2
56,2,2
55,2,2
55,2,2
55,2,2
55,2,2
55,2,2
55,2,2
55,2,2
55,2,2
56,2,2
57,2,2
56,2,2
55,2,2
55,2,2
55,2,2
56,2,2
56,2,2
56,2,2
56,2,2
56,2,2
56,2,2
56,2,2
56,2,2
55,2,2
56,2,2
56,2,2
56,2,2
56,2,2
56,2,2
55,2,2
55,2,2
55,2,2
56,2,2
56,2,2
57,2,2
56,2,2
56,2,2
56,2,2
56,2,2
56,2,2
56,2,2
57,2,2
56,2,2
56,2,2
57,2,2
56,2,2
56,2,2
56,2,2
56,2,2
56,2,2
57,2,2
56,2,2
56,2,2
56,2,2
56,2,2
56,2,2
56,2,2
56,2,2
56,2,2
56,2,2
56,2,2
56,2,2
56,2,2
55,2,2
56,2,2
56,2,2
56,2,2
57,2,2
56,2,2
56,2,2
56,2,2
56,2,2
56,2,2
56,2,2
56,2,2
56,2,2
56,2,2
56,2,2
56,2,2
56,2,2
56,2,2
56,2,2
56,2,2
56,2,2
56,2,2
56,2,2
56,2,2
56,2,2
56,2,2
56,2,2
56,2,2
55,2,2
55,2,2
56,2,2
56,2,2
56,2,2
56,2,2
56,2,2
56,2,2
56,2,2
56,2,2
56,2,2
56,2,2
56,2,2
55,2,2
56,2,2
57,2,2
56,2,2
57,2,2
56,2,2
56,2,2
56,2,2
56,2,2
56,2,2
56,2,2
56,2,2
56,2,2
56,2,2
56,2,2
56,2,2
57,2,2
56,2,2
56,2,2
56,2,2
56,2,2
56,2,2
57,2,2
56,2,2
56,2,2
56,2,2
56,2,2
56,2,2
56,2,2
56,2,2
56,2,2
56,2,2
56,2,2
56,2,2
57,2,2
56,2,2
55,2,2
56,2,2
56,2,2
56,2,2
56,2,2
56,2,2
56,2,2
56,2,2
56,2,2
56,2,2
56,2,2
56,2,2
56,2,2
56,2,2
56,2,2
56,2,2
56,2,2
57,2,2
56,2,2
56,2,2
56,2,2
57,2,2
56,2,2
55,2,2
56,2,2
57,2,2
56,2,2
55,2,2
56,2,2
56,2,2
56,2,2
56,2,2
56,2,2
56,2,2
56,2,2
56,2,2
56,2,2
56,2,2
56,2,2
56,2,2
55,2,2
56,2,2
56,2,2
56,2,2
57,2,2
56,2,2
56,2,2
56,2,2
56,2,2
56,2,2
56,2,2
56,2,2
56,2,2
56,2,2
56,2,2
56,2,2
56,2,2
56,2,2
56,2,2
56,2,2
56,2,2
56,2,2
56,2,2
56,2,2
56,2,2
55,2,2
56,2,2
56,2,2
56,2,2
56,2,2
56,2,2
56,2,2
56,2,2
56,2,2
56,2,2
56,2,2
56,2,2
57,2,2
56,2,2
56,2,2
56,2,2
55,2,2
56,2,2
56,2,2
56,2,2
56,2,2
57,2,2
56,2,2
56,2,2
56,2,2
56,2,2
56,2,2
57,2,2
56,2,2
56,2,2
57,2,2
56,2,2
56,2,2
56,2,2
56,2,2
56,2,2
56,2,2
56,2,2
56,2,2
55,2,2
56,2,2
56,2,2
56,2,2
56,2,2
56,2,2
56,2,2
56,2,2
57,2,2
55,2,2
56,2,2
56,2,2
56,2,2
56,2,2
55,2,2
56,2,2
56,2,2
56,2,2
56,2,2
56,2,2
56,2,2
56,2,2
56,2,2
56,2,2
55,2,2
56,2,2
56,2,2
55,2,2
56,2,2
56,2,2
55,2,2
56,2,2
56,2,2
56,2,2
56,2,2
56,2,2
56,2,2
56,2,2
56,2,2
56,2,2
56,2,2
56,2,2
56,2,2
56,2,2
56,2,2
56,2,2
56,2,2
56,2,2
56,2,2
56,2,2
56,2,2
56,2,2
56,2,2
55,2,2
56,2,2
56,2,2
56,2,2
56,2,2
56,2,2
56,2,2
56,2,2
56,2,2
56,2,2
56,2,2
55,2,2
56,2,2
56,2,2
56,2,2
56,2,2
56,2,2
56,2,2
56,2,2
56,2,2
55,2,2
56,2,2
56,2,2
56,2,2
56,2,2
56,2,2
56,2,2
56,2,2
56,2,2
56,2,2
56,2,2
56,2,2
57,2,2
56,2,2
56,2,2
56,2,2
55,2,2
55,2,2
56,2,2
56,2,2
56,2,2
56,2,2
56,2,2
56,2,2
56,2,2
55,2,2
56,2,2
56,2,2
56,2,2
56,2,2
55,2,2
56,2,2
56,2,2
56,2,2
56,2,2
56,2,2
56,2,2
56,2,2
55,2,2
56,2,2
56,2,2
56,2,2
56,2,2
56,2,2
56,2,2
56,2,2
56,2,2
56,2,2
56,2,2
56,2,2
56,2,2
55,2,2
56,2,2
56,2,2
56,2,2
56,2,2
56,2,2
56,2,2
56,2,2
56,2,2
56,2,2
56,2,2
56,2,2
56,2,2
56,2,2
55,2,2
55,2,2
55,2,2
55,2,2
56,2,2
56,2,2
56,2,2
56,2,2
55,2,2
55,2,2
55,2,2
55,2,2
55,2,2
55,2,2
56,2,2
56,2,2
56,2,2
56,2,2
56,2,2
57,2,2
56,2,2
56,2,2
55,2,2
55,2,2
56,2,2
56,2,2
56,2,2
56,2,2
56,2,2
55,2,2
56,2,2
55,2,2
56,2,2
56,2,2
55,2,2
55,2,2
56,2,2
55,2,2
55,2,2
55,2,2
55,2,2
56,2,2
55,2,2
56,2,2
57,2,2
55,2,2
56,2,2
56,2,2
55,2,2
56,2,2
57,2,2
55,2,2
55,2,2
55,2,2
55,2,2
55,2,2
56,2,2
55,2,2
56,2,2
56,2,2
55,2,2
56,2,2
56,2,2
55,2,2
56,2,2
56,2,2
55,2,2
55,2,2
56,2,2
55,2,2
55,2,2
55,2,2
56,2,2
57,2,2
56,2,2
56,2,2
56,2,2
56,2,2
56,2,2
56,2,2
56,2,2
57,2,2
56,2,2
56,2,2
55,2,2
56,2,2
56,2,2
56,2,2
56,2,2
56,2,2
56,2,2
56,2,2
56,2,2
56,2,2
56,2,2
56,2,2
55,2,2
55,2,2
56,2,2
56,2,2
56,2,2
56,2,2
56,2,2
56,2,2
56,2,2
56,2,2
56,2,2
56,2,2
55,2,2
56,2,2
56,2,2
55,2,2
55,2,2
55,2,2
55,2,2
55,2,2
56,2,2
55,2,2
55,2,2
56,2,2
55,2,2
56,2,2
56,2,2
55,2,2
55,2,2
55,2,2
56,2,2
55,2,2
55,2,2
55,2,2
55,2,2
55,2,2
55,2,2
56,2,2
56,2,2
55,2,2
56,2,2
56,2,2
56,2,2
56,2,2
55,2,2
56,2,2
56,2,2
56,2,2
55,2,2
55,2,2
56,2,2
56,2,2
56,2,2
56,2,2
56,2,2
56,2,2
56,2,2
55,2,2
55,2,2
56,2,2
56,2,2
55,2,2
55,2,2
56,2,2
56,2,2
55,2,2
56,2,2
56,2,2
55,2,2
56,2,2
57,2,2
56,2,2
55,2,2
55,2,2
56,2,2
56,2,2
55,2,2
55,2,2
56,2,2
56,2,2
55,2,2
56,2,2
55,2,2
56,2,2
56,2,2
56,2,2
56,2,2
56,2,2
55,2,2
56,2,2
56,2,2
56,2,2
56,2,2
56,2,2
56,2,2
56,2,2
55,2,2
56,2,2
56,2,2
55,2,2
55,2,2
55,2,2
55,2,2
56,2,2
56,2,2
56,2,2
56,2,2
55,2,2
55,2,2
56,2,2
57,2,2
56,2,2
56,2,2
56,2,2
56,2,2
56,2,2
56,2,2
56,2,2
56,2,2
56,2,2
55,2,2
56,2,2
56,2,2
56,2,2
57,2,2
56,2,2
56,2,2
57,2,2
56,2,2
56,2,2
56,2,2
56,2,2
56,2,2
56,2,2
56,2,2
57,2,2
55,2,2
56,2,2
56,2,2
55,2,2
56,2,2
56,2,2
56,2,2
55,2,2
56,2,2
56,2,2
55,2,2
56,2,2
55,2,2
55,2,2
55,2,2
56,2,2
56,2,2
56,2,2
56,2,2
56,2,2
56,2,2
56,2,2
57,2,2
55,2,2
56,2,2
56,2,2
55,2,2
56,2,2
56,2,2
55,2,2
56,2,2
56,2,2
55,2,2
55,2,2
56,2,2
55,2,2
56,2,2
56,2,2
56,2,2
56,2,2
56,2,2
55,2,2
55,2,2
55,2,2
55,2,2
55,2,2
55,2,2
56,2,2
55,2,2
55,2,2
55,2,2
55,2,2
56,2,2
57,2,2
56,2,2
57,2,2
56,2,2
57,2,2
56,2,2
56,2,2
56,2,2
55,2,2
56,2,2
55,2,2
56,2,2
56,2,2
55,2,2
56,2,2
56,2,2
56,2,2
56,2,2
56,2,2
55,2,2
56,2,2
56,2,2
56,2,2
56,2,2
56,2,2
55,2,2
55,2,2
55,2,2
55,2,2
55,2,2
56,2,2
56,2,2
56,2,2
57,2,2
57,2,2
56,2,2
56,2,2
56,2,2
56,2,2
56,2,2
56,2,2
55,2,2
55,2,2
55,2,2
56,2,2
55,2,2
55,2,2
56,2,2
56,2,2
56,2,2
56,2,2
56,2,2
55,2,2
55,2,2
55,2,2
56,2,2
55,2,2
55,2,2
56,2,2
55,2,2
56,2,2
55,2,2
55,2,2
55,2,2
55,2,2
56,2,2
55,2,2
56,2,2
56,2,2
56,2,2
57,2,2
56,2,2
56,2,2
57,2,2
56,2,2
56,2,2
56,2,2
56,2,2
56,2,2
56,2,2
55,2,2
56,2,2
56,2,2
57,2,2
57,2,2
55,2,2
55,2,2
55,2,2
56,2,2
56,2,2
56,2,2
56,2,2
55,2,2
55,2,2
56,2,2
56,2,2
55,2,2
56,2,2
55,2,2
55,2,2
55,2,2
56,2,2
56,2,2
56,2,2
56,2,2
56,2,2
56,2,2
56,2,2
56,2,2
56,2,2
57,2,2
56,2,2
56,2,2
56,2,2
56,2,2
56,2,2
56,2,2
56,2,2
56,2,2
55,2,2
55,2,2
55,2,2
55,2,2
56,2,2
57,2,2
56,2,2
55,2,2
56,2,2
56,2,2
56,2,2
56,2,2
56,2,2
56,2,2
56,2,2
56,2,2
56,2,2
56,2,2
56,2,2
56,2,2
57,2,2
56,2,2
55,2,2
57,2,2
55,2,2
57,2,2
57,2,2
57,2,2
57,2,2
57,2,2
55,2,2
56,2,2
56,2,2
56,2,2
56,2,2
56,2,2
56,2,2
56,2,2
56,2,2
56,2,2
56,2,2
55,2,2
55,2,2
55,2,2
55,2,2
56,2,2
55,2,2
55,2,2
55,2,2
56,2,2
56,2,2
57,2,2
57,2,2
55,2,2
55,2,2
55,2,2
55,2,2
55,2,2
55,2,2
55,2,2
55,2,2
56,2,2
55,2,2
56,2,2
55,2,2
56,2,2
55,2,2
55,2,2
56,2,2
56,2,2
56,2,2
55,2,2
55,2,2
56,2,2
55,2,2
56,2,2
56,2,2
55,2,2
56,2,2
56,2,2
55,2,2
55,2,2
56,2,2
55,2,2
55,2,2
55,2,2
55,2,2
55,2,2
55,2,2
55,2,2
56,2,2
55,2,2
56,2,2
55,2,2
56,2,2
56,2,2
56,2,2
56,2,2
55,2,2
55,2,2
55,2,2
55,2,2
55,2,2
55,2,2
55,2,2
56,2,2
57,2,2
56,2,2
56,2,2
55,2,2
56,2,2
55,2,2
56,2,2
56,2,2
55,2,2
56,2,2
55,2,2
55,2,2
55,2,2
56,2,2
55,2,2
57,2,2
56,2,2
55,2,2
55,2,2
56,2,2
56,2,2
55,2,2
55,2,2
55,2,2
56,2,2
56,2,2
56,2,2
55,2,2
55,2,2
55,2,2
56,2,2
55,2,2
55,2,2
55,2,2
55,2,2
55,2,2
55,2,2
55,2,2
55,2,2
55,2,2
55,2,2
-1,-1,2
55,2,2
55,2,2
55,2,2
55,2,2
55,2,2
55,2,2
55,2,2
55,2,2
55,2,2
55,2,2
56,2,2
56,2,2
55,2,2
55,2,2
55,2,2
55,2,2
56,2,2
56,2,3
56,2,3
55,2,3
55,2,3
55,2,3
55,2,3
55,2,3
55,2,3
55,2,3
55,2,3
55,2,3
55,2,3
55,2,3
56,2,3
55,2,3
55,2,3
56,2,3
56,2,3
55,2,3
55,2,3
55,2,3
55,2,3
55,2,3
56,2,3
56,2,3
56,2,3
56,2,3
56,2,3
56,2,3
56,2,3
56,2,3
56,2,3
56,2,3
56,2,3
56,2,3
56,2,3
56,2,3
56,2,2
56,2,2
56,2,2
56,2,2
56,2,2
56,2,2
56,2,2
56,2,2
56,2,2
56,2,2
56,2,2
56,2,2
55,2,2
56,2,2
56,2,2
56,2,2
56,2,2
56,2,2
56,2,2
56,2,2
56,2,2
56,2,2
56,2,2
56,2,2
56,2,2
56,2,2
56,2,2
56,2,2
56,2,2
56,2,2
56,2,2
57,2,2
56,2,2
56,2,2
56,2,2
56,2,2
56,2,2
55,2,2
55,2,2
56,2,2
56,2,2
56,2,2
55,2,2
56,2,2
55,2,2
55,2,2
55,2,2
56,2,2
56,2,2
56,2,2
55,2,2
55,2,2
56,2,2
56,2,2
56,2,2
56,2,2
56,2,2
56,2,2
56,2,2
55,2,2
56,2,2
56,2,2
56,2,2
56,2,2
56,2,2
57,2,2
56,2,2
56,2,2
56,2,2
56,2,2
55,2,2
56,2,2
57,2,2
56,2,2
56,2,2
56,2,2
56,2,2
56,2,2
56,2,2
56,2,2
56,2,2
55,2,2
55,2,2
55,2,2
56,2,2
56,2,2
56,2,2
56,2,2
56,2,2
57,2,2
57,2,2
55,2,2
56,2,2
55,2,2
55,2,2
55,2,2
56,2,2
56,2,2
56,2,2
56,2,2
56,2,2
56,2,2
56,2,2
56,2,2
56,2,2
55,2,2
55,2,2
55,2,2
56,2,2
56,2,2
56,2,2
57,2,2
56,2,2
56,2,2
56,2,2
56,2,2
56,2,2
56,2,2
56,2,2
56,2,2
56,2,2
56,2,2
56,2,2
55,2,2
56,2,2
56,2,2
56,2,2
56,2,2
56,2,2
55,2,2
55,2,2
55,2,2
55,2,2
56,2,2
56,2,2
56,2,2
56,2,2
55,2,2
55,2,2
55,2,2
55,2,2
56,2,2
55,2,2
55,2,2
56,2,2
55,2,2
55,2,2
56,2,2
56,2,2
56,2,2
56,2,2
56,2,2
56,2,2
56,2,2
56,2,2
56,2,2
56,2,2
56,2,2
57,2,2
56,2,2
55,2,2
56,2,2
56,2,2
56,2,2
56,2,2
55,2,2
56,2,2
55,2,2
55,2,2
56,2,2
55,2,2
55,2,2
56,2,2
56,2,2
56,2,2
56,2,2
57,2,2
57,2,2
56,2,2
55,2,2
56,2,2
55,2,2
55,2,2
55,2,2
55,2,2
56,2,2
56,2,2
56,2,2
55,2,2
55,2,2
55,2,2
56,2,2
56,2,2
55,2,2
55,2,2
56,2,2
56,2,2
55,2,2
55,2,2
55,2,2
56,2,2
56,2,2
56,2,2
55,2,2
55,2,2
55,2,2
56,2,2
56,2,2
56,2,2
56,2,2
55,2,2
55,2,2
55,2,2
55,2,2
56,2,2
56,2,2
55,2,2
55,2,2
56,2,2
55,2,2
55,2,2
55,2,2
55,2,2
55,2,2
55,2,2
55,2,2
56,2,2
55,2,2
56,2,2
56,2,2
56,2,2
56,2,2
56,2,2
56,2,2
56,2,2
56,2,2
56,2,2
56,2,2
56,2,2
56,2,2
56,2,2
56,2,2
57,2,2
56,2,2
56,2,2
56,2,2
57,2,2
56,2,2
55,2,2
56,2,2
55,2,2
56,2,2
55,2,2
56,2,2
56,2,2
56,2,2
56,2,2
56,2,2
56,2,2
56,2,2
55,2,2
56,2,2
56,2,2
55,2,2
56,2,2
56,2,2
56,2,2
56,2,2
56,2,2
56,2,2
57,2,2
56,2,2
56,2,2
56,2,2
56,2,2
56,2,2
56,2,2
56,2,2
56,2,2
56,2,2
56,2,2
56,2,2
56,2,2
56,2,2
56,2,2
55,2,2
56,2,2
56,2,2
56,2,2
56,2,2
56,2,2
57,2,2
56,2,2
56,2,2
55,2,2
56,2,2
56,2,2
56,2,2
56,2,2
56,2,2
56,2,2
56,2,2
56,2,2
56,2,2
56,2,2
55,2,2
55,2,2
55,2,2
55,2,2
56,2,2
56,2,2
55,2,2
56,2,2
56,2,2
56,2,2
56,2,2
57,2,2
56,2,2
56,2,2
56,2,2
56,2,2
56,2,2
55,2,2
55,2,2
55,2,2
56,2,2
56,2,2
56,2,2
56,2,2
55,2,2
56,2,2
55,2,2
56,2,2
55,2,2
56,2,2
56,2,2
56,2,2
55,2,2
56,2,2
56,2,2
56,2,2
56,2,2
56,2,2
55,2,2
56,2,2
56,2,2
56,2,2
56,2,2
56,2,2
55,2,2
55,2,2
55,2,2
56,2,2
56,2,2
55,2,2
56,2,2
55,2,2
56,2,2
56,2,2
55,2,2
55,2,2
56,2,2
56,2,2
56,2,2
56,2,2
56,2,2
56,2,2
56,2,2
55,2,2
56,2,2
56,2,2
55,2,2
56,2,2
56,2,2
56,2,2
56,2,2
56,2,2
56,2,2
56,2,2
56,2,2
56,2,2
56,2,2
56,2,2
56,2,2
57,2,2
56,2,2
56,2,2
56,2,2
55,2,2
55,2,2
55,2,2
55,2,2
56,2,2
56,2,2
56,2,2
56,2,2
56,2,2
55,2,2
56,2,2
55,2,2
55,2,2
55,2,2
55,2,2
56,2,2
55,2,2
56,2,2
56,2,2
56,2,2
55,2,2
55,2,2
55,2,2
55,2,2
55,2,2
55,2,2
55,2,2
55,2,2
56,2,2
55,2,2
55,2,2
56,2,2
56,2,2
55,2,2
56,2,2
57,2,2
56,2,2
56,2,2
56,2,2
57,2,2
57,2,2
56,2,2
56,2,2
56,2,2
55,2,2
56,2,2
56,2,2
56,2,2
57,2,2
56,2,2
57,2,2
56,2,2
57,2,2
56,2,2
56,2,2
56,2,2
55,2,2
55,2,2
55,2,2
55,2,2
56,2,2
56,2,2
55,2,2
56,2,2
56,2,2
55,2,2
56,2,2
56,2,2
56,2,2
55,2,2
55,2,2
55,2,2
55,2,2
55,2,2
55,2,2
55,2,2
55,2,2
55,2,2
55,2,2
55,2,2
55,2,2
55,2,2
55,2,2
56,2,2
55,2,2
56,2,2
56,2,2
56,2,2
56,2,2
56,2,2
55,2,2
55,2,2
55,2,2
56,2,2
55,2,2
56,2,2
56,2,2
55,2,2
56,2,2
55,2,2
56,2,2
55,2,2
56,2,2
56,2,2
57,2,2
56,2,2
56,2,2
56,2,2
56,2,2
56,2,2
56,2,2
55,2,2
56,2,2
56,2,2
55,2,2
55,2,2
56,2,2
55,2,2
56,2,2
56,2,2
56,2,2
55,2,2
55,2,2
55,2,2
55,2,2
56,2,2
56,2,2
56,2,2
56,2,2
55,2,2
56,2,2
55,2,2
56,2,2
56,2,2
55,2,2
55,2,2
55,2,2
55,2,2
55,2,2
56,2,2
55,2,2
55,2,2
55,2,2
56,2,2
55,2,2
56,2,2
56,2,2
56,2,2
55,2,2
56,2,2
56,2,2
56,2,2
55,2,2
56,2,2
56,2,2
56,2,2
56,2,2
56,2,2
56,2,2
56,2,2
56,2,2
56,2,2
55,2,2
55,2,2
56,2,2
56,2,2
56,2,2
56,2,2
56,2,2
57,2,2
56,2,2
56,2,2
56,2,2
56,2,2
56,2,2
56,2,2
55,2,2
56,2,2
55,2,2
56,2,2
56,2,2
56,2,2
56,2,2
56,2,2
56,2,2
56,2,2
56,2,2
55,2,2
55,2,2
55,2,2
55,2,2
55,2,2
55,2,2
55,2,2
55,2,2
55,2,2
55,2,2
55,2,2
55,2,2
56,2,2
55,2,2
55,2,2
55,2,2
56,2,2
56,2,2
56,2,2
56,2,2
56,2,2
56,2,2
56,2,2
55,2,2
56,2,2
55,2,2
56,2,2
55,2,2
55,2,2
56,2,2
56,2,2
56,2,2
56,2,2
55,2,2
56,2,2
55,2,2
56,2,2
56,2,2
56,2,2
56,2,2
56,2,2
56,2,2
55,2,2
56,2,2
55,2,2
56,2,2
56,2,2
55,2,2
56,2,2
56,2,2
56,2,2
55,2,2
56,2,2
56,2,2
56,2,2
56,2,2
56,2,2
56,2,2
56,2,2
56,2,2
56,2,2
55,2,2
56,2,2
56,2,2
56,2,2
56,2,2
56,2,2
56,2,2
56,2,2
55,2,2
56,2,2
56,2,2
57,2,2
56,2,2
55,2,2
55,2,2
56,2,2
56,2,2
56,2,2
56,2,2
56,2,2
56,2,2
56,2,2
56,2,2
56,2,2
56,2,2
56,2,2
56,2,2
57,2,2
55,2,2
55,2,2
56,2,2
56,2,2
56,2,2
55,2,2
56,2,2
56,2,2
56,2,2
56,2,2
57,2,2
56,2,2
56,2,2
57,2,2
56,2,2
55,2,2
56,2,2
56,2,2
55,2,2
56,2,2
56,2,2
57,2,2
55,2,2
56,2,2
56,2,2
56,2,2
56,2,2
56,2,2
56,2,2
56,2,2
56,2,2
56,2,2
56,2,2
56,2,2
56,2,2
56,2,2
56,2,2
56,2,2
56,2,2
56,2,2
56,2,2
56,2,2
56,2,2
56,2,2
56,2,2
56,2,2
56,2,2
56,2,2
56,2,2
56,2,2
55,2,2
56,2,2
56,2,2
56,2,2
56,2,2
56,2,2
56,2,2
56,2,2
56,2,2
56,2,2
56,2,2
56,2,2
-1,-1,2
56,2,2
56,2,2
56,2,2
56,2,2
56,2,2
56,2,2
56,2,2
56,2,2
56,2,2
56,2,2
55,2,2
55,2,2
56,2,2
56,2,2
56,2,2
56,2,2
56,2,2
56,2,2
56,2,2
56,2,2
56,2,2
56,2,2
56,2,2
55,2,2
56,2,2
56,2,2
56,2,2
56,2,2
56,2,2
56,2,2
56,2,2
56,2,2
56,2,2
56,2,2
56,2,2
55,2,2
55,2,2
56,2,2
57,2,2
55,2,2
56,2,2
56,2,2
55,2,2
56,2,2
56,2,2
56,2,2
56,2,2
56,2,2
56,2,2
56,2,2
55,2,2
56,2,2
56,2,2
56,2,2
56,2,2
56,2,2
55,2,2
56,2,2
55,2,2
55,2,2
55,2,2
56,2,2
55,2,2
56,2,2
55,2,2
56,2,2
56,2,2
56,2,2
56,2,2
56,2,2
56,2,2
56,2,2
57,2,2
56,2,2
56,2,2
56,2,2
56,2,2
56,2,2
56,2,2
56,2,2
56,2,2
56,2,2
56,2,2
56,2,2
56,2,2
56,2,2
56,2,2
56,2,2
55,2,2
56,2,2
56,2,2
56,2,2
56,2,2
56,2,2
56,2,2
56,2,2
56,2,2
56,2,2
56,2,2
56,2,2
56,2,2
56,2,2
55,2,2
55,2,2
56,2,2
56,2,2
56,2,2
56,2,2
56,2,2
56,2,2
56,2,2
56,2,2
56,2,2
56,2,2
56,2,2
56,2,2
56,2,2
56,2,2
56,2,2
56,2,2
56,2,2
56,2,2
56,2,2
56,2,2
56,2,2
56,2,2
56,2,2
56,2,2
56,2,2
56,2,2
56,2,2
56,2,2
56,2,2
56,2,2
56,2,2
57,2,2
56,2,2
56,2,2
56,2,2
56,2,2
56,2,2
56,2,2
56,2,2
55,2,2
55,2,2
56,2,2
56,2,2
56,2,2
56,2,2
56,2,2
56,2,2
56,2,2
55,2,2
56,2,2
56,2,2
56,2,2
56,2,2
56,2,2
56,2,2
56,2,2
56,2,2
56,2,2
56,2,2
57,2,2
56,2,2
57,2,2
56,2,2
55,2,2
56,2,2
56,2,2
56,2,2
55,2,2
56,2,2
56,2,2
55,2,2
55,2,2
56,2,2
56,2,2
56,2,2
56,2,2
56,2,2
55,2,2
56,2,2
56,2,2
56,2,2
56,2,2
56,2,2
56,2,2
56,2,2
56,2,2
56,2,2
56,2,2
55,2,2
56,2,2
56,2,2
56,2,2
56,2,2
56,2,2
56,2,2
56,2,2
56,2,2
56,2,2
56,2,2
57,2,2
56,2,2
56,2,2
56,2,2
56,2,2
56,2,2
56,2,2
56,2,2
56,2,2
56,2,2
56,2,2
56,2,2
56,2,2
56,2,2
56,2,2
56,2,2
56,2,2
56,2,2
56,2,2
56,2,2
56,2,2
56,2,2
56,2,2
56,2,2
56,2,2
56,2,2
56,2,2
56,2,2
56,2,2
56,2,2
55,2,2
56,2,2
56,2,2
56,2,2
56,2,2
56,2,2
56,2,2
56,2,2
56,2,2
56,2,2
56,2,2
56,2,2
56,2,2
56,2,2
56,2,2
56,2,2
56,2,2
56,2,2
56,2,2
56,2,2
56,2,2
56,2,2
56,2,2
56,2,2
56,2,2
56,2,2
56,2,2
56,2,2
56,2,2
56,2,2
56,2,2
56,2,2
55,2,2
56,2,2
56,2,2
56,2,2
56,2,2
56,2,2
56,2,2
56,2,2
56,2,2
56,2,2
56,2,2
56,2,2
56,2,2
56,2,2
56,2,2
56,2,2
56,2,2
56,2,2
56,2,2
56,2,2
56,2,2
56,2,2
56,2,2
56,2,2
56,2,2
56,2,2
56,2,2
56,2,2
56,2,2
56,2,2
56,2,2
56,2,2
56,2,2
56,2,2
56,2,2
56,2,2
55,2,2
55,2,2
55,2,2
55,2,2
56,2,2
56,2,2
56,2,2
56,2,2
56,2,2
56,2,2
55,2,2
55,2,2
56,2,2
56,2,2
57,2,2
56,2,2
56,2,2
56,2,2
56,2,2
57,2,2
56,2,2
56,2,2
56,2,2
56,2,2
56,2,2
56,2,2
56,2,2
56,2,2
56,2,2
56,2,2
56,2,2
56,2,2
56,2,2
56,2,2
56,2,2
56,2,2
56,2,2
56,2,2
56,2,2
56,2,2
56,2,2
56,2,2
56,2,2
56,2,2
56,2,2
56,2,2
56,2,2
-1,-1,2
-1,-1,2
56,2,2
-1,-1,2
56,2,2
56,2,2
-1,-1,2
55,2,2
-1,-1,2
-1,-1,2
-1,-1,2
55,2,2
56,2,2
-1,-1,2
-1,-1,2
55,2,2
56,2,2
56,2,2
57,2,2
56,2,2
56,2,2
56,2,2
56,2,2
56,2,2
55,2,2
55,2,2
56,2,2
56,2,2
56,2,2
55,2,2
55,2,2
56,2,2
56,2,2
55,2,2
55,2,2
56,2,2
57,2,2
56,2,2
55,2,2
55,2,2
56,2,2
56,2,2
56,2,2
55,2,2
56,2,2
56,2,2
56,2,2
56,2,2
55,2,2
55,2,2
56,2,2
56,2,2
56,2,2
55,2,2
56,2,2
56,2,2
56,2,2
56,2,2
56,2,2
57,2,2
56,2,2
55,2,2
56,2,2
56,2,2
56,2,2
56,2,2
55,2,2
56,2,2
56,2,2
56,2,2
56,2,2
56,2,2
55,2,2
56,2,2
56,2,2
56,2,2
56,2,2
56,2,2
56,2,2
56,2,2
56,2,2
56,2,2
56,2,2
57,2,2
55,2,2
56,2,2
56,2,2
56,2,2
56,2,2
55,2,2
56,2,2
56,2,2
56,2,2
56,2,2
57,2,2
56,2,2
56,2,2
56,2,2
56,2,2
56,2,2
56,2,2
56,2,2
56,2,2
56,2,2
56,2,2
56,2,2
56,2,2
56,2,2
56,2,2
56,2,2
56,2,2
56,2,2
56,2,2
55,2,2
55,2,2
55,2,2
56,2,2
56,2,2
56,2,2
56,2,2
56,2,2
56,2,2
56,2,2
56,2,2
56,2,2
56,2,2
56,2,2
56,2,2
57,2,2
56,2,2
56,2,2
56,2,2
56,2,2
56,2,2
56,2,2
56,2,2
56,2,2
56,2,2
56,2,2
56,2,2
56,2,2
56,2,2
56,2,2
56,2,2
56,2,2
56,2,2
55,2,2
56,2,2
56,2,2
56,2,2
57,2,2
56,2,2
56,2,2
56,2,2
56,2,2
56,2,2
56,2,2
56,2,2
56,2,2
56,2,2
55,2,2
56,2,2
56,2,2
56,2,2
56,2,2
56,2,2
56,2,2
56,2,2
56,2,2
56,2,2
56,2,2
56,2,2
56,2,2
56,2,2
56,2,2
56,2,2
56,2,2
55,2,2
56,2,2
56,2,2
56,2,2
56,2,2
56,2,2
56,2,2
55,2,2
56,2,2
57,2,2
55,2,2
56,2,2
56,2,2
57,2,2
56,2,2
55,2,2
55,2,2
56,2,2
56,2,2
55,2,2
56,2,2
56,2,2
55,2,2
55,2,2
55,2,2
56,2,2
56,2,2
55,2,2
55,2,2
56,2,2
55,2,2
56,2,2
56,2,2
55,2,2
55,2,2
55,2,2
55,2,2
55,2,2
55,2,2
55,2,2
55,2,2
55,2,2
55,2,2
55,2,2
-1,-1,2
55,2,2
56,2,2
56,2,2
56,2,2
55,2,2
55,2,2
56,2,2
55,2,2
55,2,2
55,2,2
55,2,2
55,2,2
55,2,2
55,2,2
55,2,2
55,2,2
55,2,2
55,2,2
55,2,2
55,2,2
55,2,2
55,2,2
55,2,2
55,2,2
55,2,2
56,2,2
56,2,2
56,2,2
56,2,2
56,2,2
55,2,2
55,2,2
55,2,2
56,2,2
56,2,2
56,2,2
56,2,2
56,2,2
56,2,2
55,2,2
55,2,2
55,2,2
56,2,2
56,2,2
56,2,2
56,2,2
55,2,2
56,2,2
56,2,2
56,2,2
56,2,2
56,2,2
56,2,2
56,2,2
56,2,2
56,2,2
56,2,2
56,2,2
56,2,2
56,2,2
56,2,2
56,2,2
56,2,2
56,2,2
56,2,2
56,2,2
56,2,2
56,2,2
56,2,2
56,2,2
56,2,2
56,2,2
56,2,2
56,2,2
56,2,2
56,2,2
56,2,2
56,2,2
56,2,2
56,2,2
56,2,2
56,2,2
56,2,2
56,2,2
56,2,2
56,2,2
56,2,2
56,2,2
56,2,2
56,2,2
56,2,2
56,2,2
56,2,2
56,2,2
56,2,2
59,2,2
56,2,2
56,2,2
56,2,2
55,2,2
56,2,2
56,2,2
56,2,2
56,2,2
56,2,2
59,2,2
59,2,2
56,2,2
56,2,2
55,2,2
56,2,2
56,2,2
56,2,2
56,2,2
56,2,2
56,2,2
56,2,2
56,2,2
56,2,2
56,2,2
56,2,2
56,2,2
-1,-1,2
56,2,2
56,2,2
56,2,2
56,2,2
56,2,2
56,2,2
56,2,2
56,2,2
56,2,2
56,2,2
59,2,2
56,2,2
56,2,2
56,2,2
56,2,2
56,2,2
56,2,2
56,2,2
56,2,2
56,2,2
56,2,2
56,2,2
56,2,2
56,2,2
56,2,2
56,2,2
56,2,2
56,2,2
56,2,2
59,2,2
56,2,2
56,2,2
56,2,2
56,2,2
56,2,2
56,2,2
56,2,2
55,2,2
56,2,2
56,2,2
56,2,2
55,2,2
56,2,2
56,2,2
56,2,2
59,2,2
56,2,2
56,2,2
56,2,2
56,2,2
59,2,2
56,2,2
56,2,2
56,2,2
56,2,2
-1,-1,2
56,2,2
56,2,2
56,2,2
56,2,2
56,2,2
56,2,2
56,2,2
56,2,2
56,2,2
56,2,2
56,2,2
56,2,2
56,2,2
56,2,2
56,2,2
56,2,2
56,2,2
56,2,2
56,2,2
56,2,2
56,2,2
56,2,2
-1,-1,2
56,2,2
56,2,2
56,2,2
56,2,2
56,2,2
56,2,2
56,2,2
59,2,2
56,2,2
56,2,2
56,2,2
56,2,2
56,2,2
56,2,2
56,2,2
56,2,2
56,2,2
56,2,2
56,2,2
56,2,2
56,2,2
56,2,2
56,2,2
56,2,2
56,2,2
56,2,2
56,2,2
56,2,2
56,2,2
56,2,2
56,2,2
56,2,2
56,2,2
56,2,2
56,2,2
56,2,2
55,2,2
56,2,2
56,2,2
56,2,2
56,2,2
56,2,2
56,2,2
56,2,2
56,2,2
56,2,2
56,2,2
56,2,2
56,2,2
56,2,2
56,2,2
56,2,2
56,2,2
56,2,2
56,2,2
56,2,2
56,2,2
56,2,2
56,2,2
56,2,2
56,2,2
56,2,2
56,2,2
56,2,2
55,2,2
56,2,2
56,2,2
56,2,2
56,2,2
56,2,2
-1,-1,2
55,2,2
56,2,2
56,2,2
56,2,2
56,2,2
56,2,2
55,2,2
56,2,2
56,2,2
56,2,2
56,2,2
-1,-1,2
55,2,2
56,2,2
56,2,2
56,2,2
56,2,2
56,2,2
56,2,2
55,2,2
56,2,2
56,2,2
56,2,2
56,2,2
56,2,2
56,2,2
56,2,2
56,2,2
56,2,2
56,2,2
56,2,2
56,2,2
56,2,2
56,2,2
56,2,2
56,2,2
55,2,2
56,2,2
56,2,2
56,2,2
56,2,2
56,2,2
56,2,2
56,2,2
56,2,2
56,2,2
56,2,2
56,2,2
55,2,2
56,2,2
56,2,2
56,2,2
56,2,2
56,2,2
56,2,2
56,2,2
56,2,2
56,2,2
56,2,2
56,2,2
56,2,2
56,2,2
56,2,2
56,2,2
-1,-1,2
56,2,2
56,2,2
56,2,2
55,2,2
56,2,2
56,2,2
55,2,2
56,2,2
55,2,2
56,2,2
56,2,2
55,2,2
55,2,2
55,2,2
55,2,2
56,2,2
56,2,2
55,2,2
56,2,2
55,2,2
-1,-1,2
56,2,2
56,2,2
56,2,2
55,2,2
56,2,2
56,2,2
55,2,2
55,2,2
55,2,2
56,2,2
55,2,2
56,2,2
55,2,2
56,2,2
-1,-1,2
55,2,2
55,2,2
55,2,2
56,2,2
55,2,2
56,2,2
55,2,2
55,2,2
-1,-1,2
55,2,2
55,2,2
55,2,2
56,2,2
55,2,2
55,2,2
55,2,2
56,2,2
55,2,2
55,2,2
55,2,2
55,2,2
55,2,2
55,2,2
55,2,2
55,2,2
55,2,2
60,2,2
60,2,2
61,2,2
56,2,2
55,2,2
55,2,2
55,2,2
55,2,2
60,2,2
56,2,2
55,2,2
55,2,2
55,2,2
61,2,2
55,2,2
55,2,2
56,2,2
55,2,2
55,2,2
55,2,2
55,2,2
62,2,2
55,2,2
56,2,2
-1,-1,2
55,2,2
56,2,2
-1,-1,2
56,2,2
56,2,2
55,2,2
63,3,2
63,3,2
64,2,2
60,2,2
56,2,2
61,2,2
56,2,2
63,3,2
61,2,2
55,2,2
56,2,2
56,2,2
55,2,2
56,2,2
55,2,2
56,2,2
55,2,2
55,2,2
55,2,2
55,2,2
55,2,2
61,2,2
55,2,2
56,2,2
56,2,2
56,2,2
55,2,2
55,2,2
55,2,2
55,2,2
55,2,2
56,2,2
56,2,2
56,2,2
56,2,2
56,2,2
55,2,2
55,2,2
56,2,2
55,2,2
56,2,2
55,2,2
56,2,2
55,2,2
55,2,2
56,2,2
61,2,2
-1,-1,2
64,2,2
56,2,2
56,2,2
56,2,2
56,2,2
55,2,2
56,2,2
55,2,2
61,2,2
56,2,2
55,2,2
55,2,2
55,2,2
60,2,2
56,2,2
56,2,2
56,2,2
56,2,2
61,2,2
56,2,2
56,2,2
56,2,2
55,2,2
56,2,2
55,2,2
56,2,2
56,2,2
56,2,2
56,2,2
55,2,2
56,2,2
56,2,2
55,2,2
56,2,2
56,2,2
61,2,2
56,2,2
56,2,2
56,2,2
55,2,2
55,2,2
55,2,2
55,2,2
56,2,2
61,2,2
61,2,2
60,2,2
56,2,2
55,2,2
61,2,2
65,2,2
55,2,2
61,2,2
-1,-1,2
64,2,2
55,2,2
56,2,2
55,2,2
55,2,2
55,2,2
56,2,2
61,2,2
56,2,2
61,2,2
64,2,2
56,2,2
62,2,2
55,2,2
55,2,2
-1,-1,2
-1,-1,2
55,2,2
61,2,2
61,2,2
60,2,2
62,2,2
61,2,2
64,2,2
61,2,2
56,2,2
55,2,2
55,2,2
60,2,2
65,2,2
62,2,2
66,2,2
60,2,2
-1,-1,2
-1,-1,2
61,2,2
62,2,2
-1,-1,2
-1,-1,2
-1,-1,2
62,2,2
63,3,2
64,2,2
56,2,2
-1,-1,2
55,2,2
-1,-1,2
63,3,2
-1,-1,2
-1,-1,2
55,2,2
56,2,2
-1,-1,2
65,2,2
60,2,2
55,2,2
64,2,2
60,2,2
63,3,2
66,2,2
63,3,2
60,2,2
-1,-1,2
63,3,2
55,2,2
65,2,2
-1,-1,2
61,2,2
56,2,2
60,2,2
-1,-1,2
-1,-1,2
-1,-1,2
55,2,2
56,2,2
55,2,2
60,2,2
56,2,2
60,2,2
56,2,2
55,2,2
55,2,2
62,2,2
56,2,2
-1,-1,2
61,2,2
55,2,2
55,2,2
60,2,2
55,2,2
65,2,2
55,2,2
60,2,2
60,2,2
56,2,2
62,2,2
-1,-1,2
60,2,2
60,2,2
62,2,2
56,2,2
-1,-1,2
56,2,2
56,2,2
65,2,2
64,2,2
56,2,2
61,2,2
60,2,2
60,2,2
65,2,2
-1,-1,2
64,2,2
56,2,2
61,2,2
55,2,2
60,2,2
55,2,2
62,2,2
62,2,2
63,3,2
61,2,2
56,2,2
56,2,2
56,2,2
56,2,2
-1,-1,2
55,2,2
60,2,2
60,2,2
61,2,2
56,2,2
63,3,2
65,2,2
-1,-1,2
55,2,2
-1,-1,2
56,2,2
55,2,2
64,2,2
55,2,2
56,2,2
63,3,2
60,2,2
61,2,2
56,2,2
55,2,2
55,2,2
56,2,2
60,2,2
55,2,2
64,2,2
63,3,2
65,2,2
55,2,2
61,2,2
66,2,2
64,2,2
55,2,2
60,2,2
65,2,2
56,2,2
65,2,2
56,2,2
61,2,3
66,2,3
-1,-1,3
63,3,3
-1,-1,3
-1,-1,3
65,2,3
56,2,3
61,2,3
61,2,3
62,2,3
63,3,3
55,2,3
63,3,3
65,2,3
63,3,3
63,3,3
64,2,3
65,2,3
60,2,3
63,3,3
61,2,3
-1,-1,3
-1,-1,3
55,2,3
56,2,3
61,2,3
60,2,3
56,2,3
55,2,3
56,2,3
56,2,3
63,3,3
55,2,3
60,2,3
61,2,3
60,2,3
66,2,3
62,2,3
61,2,3
66,2,3
65,2,3
66,2,2
56,2,2
65,2,2
-1,-1,2
55,2,2
64,2,2
66,2,2
61,2,2
63,3,2
56,2,2
63,3,2
56,2,2
66,2,2
60,2,2
66,2,2
65,2,2
62,2,2
62,2,2
64,2,2
63,3,2
65,2,2
66,2,2
65,2,2
-1,-1,2
61,2,2
61,2,2
64,2,2
63,3,2
61,2,2
-1,-1,2
55,2,2
56,2,2
56,2,2
56,2,3
60,2,3
60,2,3
66,2,3
61,2,3
56,2,3
56,2,3
60,2,3
61,2,3
56,2,3
55,2,3
56,2,3
61,2,3
65,2,3
56,2,3
66,2,3
55,2,3
61,2,3
55,2,3
61,2,3
60,2,3
65,2,3
63,3,3
55,2,3
60,2,3
63,3,3
62,2,3
56,2,3
61,2,3
63,3,3
63,3,3
63,3,3
63,3,3
65,2,3
63,3,3
63,3,3
64,2,3
65,2,3
-1,-1,3
56,2,3
60,2,3
64,2,3
-1,-1,3
63,3,3
62,2,3
65,2,3
60,2,3
63,3,3
56,2,3
62,2,3
65,2,3
63,3,3
65,2,3
66,2,3
65,2,3
62,2,3
61,2,3
62,2,3
62,2,3
63,3,3
56,2,3
56,2,3
-1,-1,3
-1,-1,3
55,2,3
55,2,3
55,2,3
55,2,3
56,2,3
55,2,3
55,2,3
55,2,3
56,2,3
55,2,3
56,2,3
55,2,3
-1,-1,3
56,2,3
56,2,3
55,2,3
-1,-1,3
56,2,3
66,2,3
61,2,2
-1,-1,2
55,2,2
55,2,2
55,2,2
55,2,2
55,2,2
56,2,2
56,2,2
55,2,2
56,2,2
55,2,2
56,2,2
56,2,2
55,2,2
61,2,2
55,2,2
55,2,2
62,2,2
55,2,2
55,2,2
61,2,2
56,2,2
56,2,2
56,2,2
55,2,2
56,2,2
55,2,2
55,2,2
55,2,2
55,2,2
55,2,2
55,2,2
56,2,2
56,2,2
56,2,2
-1,-1,2
61,2,2
62,2,2
56,2,2
55,2,2
55,2,2
56,2,2
61,2,2
-1,-1,2
61,2,2
55,2,2
56,2,2
56,2,2
56,2,2
56,2,2
60,2,2
61,2,2
61,2,2
60,2,2
55,2,2
61,2,2
55,2,2
-1,-1,2
62,2,2
56,2,2
56,2,2
56,2,2
56,2,2
55,2,2
56,2,2
61,2,2
55,2,2
61,2,2
55,2,2
56,2,2
55,2,2
55,2,2
56,2,2
56,2,2
55,2,2
56,2,2
55,2,2
56,2,2
56,2,2
56,2,2
55,2,2
55,2,2
56,2,2
56,2,2
55,2,2
55,2,2
55,2,2
55,2,2
61,2,2
61,2,2
56,2,2
61,2,2
60,2,2
61,2,2
61,2,2
60,2,2
61,2,2
61,2,2
-1,-1,2
61,2,2
-1,-1,2
56,2,2
56,2,2
56,2,2
56,2,2
62,2,2
55,2,2
56,2,2
61,2,2
56,2,2
55,2,2
56,2,2
55,2,2
55,2,2
56,2,2
56,2,2
56,2,2
-1,-1,2
56,2,2
55,2,2
56,2,2
56,2,2
56,2,2
61,2,2
56,2,2
56,2,2
56,2,2
56,2,2
56,2,2
56,2,2
67,2,2
67,2,2
61,2,2
55,2,2
61,2,2
55,2,2
56,2,2
61,2,2
55,2,2
56,2,2
55,2,2
55,2,2
55,2,2
61,2,2
56,2,2
56,2,2
-1,-1,2
55,2,2
56,2,2
55,2,2
56,2,2
56,2,2
55,2,2
56,2,2
56,2,2
56,2,2
55,2,2
55,2,2
61,2,2
56,2,2
55,2,2
56,2,2
61,2,2
55,2,2
56,2,2
55,2,2
55,2,2
55,2,2
56,2,2
56,2,2
56,2,2
56,2,2
55,2,2
55,2,2
56,2,2
56,2,2
55,2,2
61,2,2
56,2,2
56,2,2
55,2,2
56,2,2
61,2,2
-1,-1,2
56,2,2
56,2,2
56,2,2
62,2,2
55,2,2
67,2,2
55,2,2
56,2,2
62,2,2
56,2,2
56,2,2
56,2,2
61,2,2
56,2,2
55,2,2
68,2,2
55,2,2
56,2,2
56,2,2
56,2,2
61,2,2
56,2,2
56,2,2
60,2,2
55,2,2
55,2,2
56,2,2
56,2,2
56,2,2
62,2,2
56,2,2
55,2,2
55,2,2
55,2,2
56,2,2
61,2,2
55,2,2
55,2,2
61,2,2
56,2,2
56,2,2
56,2,2
67,2,2
56,2,2
56,2,2
56,2,2
61,2,2
56,2,2
56,2,2
60,2,2
55,2,2
56,2,2
62,2,2
56,2,2
56,2,2
56,2,2
56,2,2
56,2,2
67,2,2
67,2,2
60,2,2
56,2,2
56,2,2
56,2,2
56,2,2
55,2,2
56,2,2
-1,-1,2
56,2,2
56,2,2
62,2,2
60,2,2
56,2,2
62,2,2
67,2,2
67,2,2
60,2,2
55,2,2
55,2,2
56,2,2
60,2,2
56,2,2
62,2,2
56,2,2
61,2,2
55,2,2
55,2,2
61,2,2
55,2,2
55,2,2
61,2,2
61,2,2
55,2,2
62,2,2
55,2,2
55,2,2
56,2,2
55,2,2
55,2,2
56,2,2
56,2,2
56,2,2
61,2,2
-1,-1,2
61,2,2
61,2,2
-1,-1,2
56,2,2
56,2,2
-1,-1,2
-1,-1,2
61,2,2
55,2,2
55,2,2
61,2,2
56,2,2
55,2,2
56,2,2
55,2,2
55,2,2
61,2,2
56,2,2
62,2,2
55,2,2
56,2,2
56,2,2
56,2,2
61,2,2
55,2,2
56,2,2
61,2,2
67,2,2
61,2,2
61,2,2
55,2,2
55,2,2
56,2,2
56,2,2
56,2,2
68,2,2
62,2,2
55,2,2
62,2,2
62,2,2
-1,-1,2
68,2,2
-1,-1,2
56,2,2
56,2,2
55,2,2
60,2,2
61,2,2
55,2,2
56,2,2
56,2,2
62,2,2
56,2,2
62,2,2
62,2,2
56,2,2
56,2,2
56,2,2
56,2,2
56,2,2
55,2,2
56,2,2
61,2,2
55,2,2
55,2,2
55,2,2
55,2,2
56,2,2
56,2,2
61,2,2
60,2,2
56,2,2
56,2,2
56,2,2
61,2,2
56,2,2
56,2,2
55,2,2
55,2,2
56,2,2
60,2,2
61,2,2
55,2,2
56,2,2
61,2,2
62,2,2
55,2,2
56,2,2
55,2,2
55,2,2
55,2,2
56,2,2
56,2,2
56,2,2
55,2,2
55,2,2
55,2,2
56,2,2
56,2,2
68,2,2
56,2,2
56,2,2
56,2,2
61,2,2
56,2,2
56,2,2
60,2,2
56,2,2
56,2,2
55,2,2
-1,-1,2
62,2,2
56,2,2
-1,-1,2
60,2,2
60,2,2
-1,-1,2
61,2,2
67,2,2
60,2,2
61,2,2
56,2,2
60,2,2
56,2,2
61,2,2
56,2,2
56,2,2
56,2,2
61,2,2
56,2,2
61,2,2
55,2,2
55,2,2
56,2,2
62,2,2
61,2,2
61,2,2
56,2,2
61,2,2
62,2,2
-1,-1,2
62,2,2
-1,-1,2
61,2,2
55,2,2
62,2,2
61,2,2
60,2,2
60,2,2
56,2,2
61,2,2
56,2,2
-1,-1,2
61,2,2
61,2,2
-1,-1,2
62,2,2
62,2,2
56,2,2
56,2,2
61,2,2
56,2,2
61,2,2
61,2,2
55,2,2
62,2,2
62,2,2
56,2,2
61,2,2
61,2,2
61,2,2
56,2,2
56,2,2
61,2,2
62,2,2
67,2,2
62,2,2
61,2,2
56,2,2
60,2,2
55,2,2
61,2,2
-1,-1,2
62,2,2
62,2,2
56,2,2
56,2,2
68,2,2
56,2,2
55,2,2
55,2,2
55,2,2
-1,-1,2
55,2,2
55,2,2
56,2,2
55,2,2
56,2,2
56,2,2
55,2,2
55,2,2
55,2,2
-1,-1,2
-1,-1,2
-1,-1,2
55,2,2
55,2,2
55,2,2
55,2,2
56,2,2
56,2,2
56,2,2
55,2,2
56,2,2
55,2,2
55,2,2
55,2,2
56,2,2
56,2,2
55,2,2
55,2,2
55,2,2
55,2,2
55,2,2
55,2,2
-1,-1,2
-1,-1,2
56,2,2
56,2,2
56,2,2
56,2,2
55,2,2
55,2,2
55,2,2
55,2,2
55,2,2
56,2,2
55,2,2
56,2,2
55,2,2
55,2,2
55,2,2
56,2,2
56,2,2
56,2,2
56,2,2
-1,-1,2
56,2,2
56,2,2
55,2,2
56,2,2
55,2,2
56,2,2
55,2,2
55,2,2
55,2,2
56,2,2
56,2,2
55,2,2
55,2,2
55,2,2
56,2,2
56,2,2
56,2,2
56,2,2
56,2,2
56,2,2
55,2,2
56,2,2
55,2,2
56,2,2
56,2,2
56,2,2
55,2,2
55,2,2
55,2,2
55,2,2
56,2,2
56,2,2
56,2,2
55,2,2
56,2,2
55,2,2
56,2,2
55,2,2
56,2,2
55,2,2
55,2,2
55,2,2
56,2,2
55,2,2
55,2,2
56,2,2
56,2,2
56,2,2
56,2,2
55,2,2
56,2,2
56,2,2
55,2,2
55,2,2
56,2,2
56,2,2
56,2,2
55,2,2
55,2,2
56,2,2
55,2,2
56,2,2
56,2,2
55,2,2
56,2,2
56,2,2
56,2,2
55,2,2
55,2,2
55,2,2
56,2,2
56,2,2
56,2,2
-1,-1,2
56,2,2
56,2,2
56,2,2
55,2,2
56,2,2
56,2,2
56,2,2
56,2,2
55,2,2
55,2,2
56,2,2
55,2,2
56,2,2
-1,-1,2
55,2,2
55,2,2
56,2,2
56,2,2
56,2,2
56,2,2
56,2,2
56,2,2
56,2,2
56,2,2
56,2,2
55,2,2
55,2,2
55,2,2
56,2,2
56,2,2
55,2,2
56,2,2
55,2,2
55,2,2
56,2,2
56,2,2
56,2,2
56,2,2
55,2,2
56,2,2
56,2,2
56,2,2
55,2,2
55,2,2
56,2,2
55,2,2
55,2,2
55,2,2
55,2,2
55,2,2
55,2,2
55,2,2
55,2,2
55,2,2
55,2,2
55,2,2
55,2,2
55,2,2
56,2,2
55,2,2
56,2,2
55,2,2
55,2,2
55,2,2
55,2,2
56,2,2
56,2,2
55,2,2
56,2,2
56,2,2
55,2,2
56,2,2
55,2,2
55,2,2
55,2,2
55,2,2
55,2,2
55,2,2
55,2,2
55,2,2
55,2,2
56,2,2
56,2,2
56,2,2
56,2,2
55,2,2
56,2,2
55,2,2
55,2,2
55,2,2
56,2,2
55,2,2
55,2,2
56,2,2
56,2,2
56,2,2
55,2,2
55,2,2
56,2,2
56,2,2
56,2,2
55,2,2
56,2,2
56,2,2
56,2,2
56,2,2
55,2,2
56,2,2
55,2,2
56,2,2
56,2,2
56,2,2
56,2,2
55,2,2
55,2,2
55,2,2
56,2,2
56,2,2
56,2,2
55,2,2
55,2,2
55,2,2
56,2,2
55,2,2
56,2,2
55,2,2
55,2,2
56,2,2
56,2,2
56,2,2
55,2,2
56,2,2
56,2,2
56,2,2
55,2,2
56,2,2
56,2,2
56,2,2
55,2,2
56,2,2
55,2,2
55,2,2
55,2,2
55,2,2
56,2,2
56,2,2
55,2,2
55,2,2
56,2,2
56,2,2
56,2,2
56,2,2
56,2,2
56,2,2
55,2,2
55,2,2
55,2,2
56,2,2
55,2,2
55,2,2
56,2,2
55,2,2
55,2,2
55,2,2
56,2,2
55,2,2
55,2,2
55,2,2
55,2,2
55,2,2
55,2,2
55,2,2
56,2,2
55,2,2
55,2,2
56,2,2
55,2,2
56,2,2
56,2,2
55,2,2
56,2,2
56,2,2
55,2,2
55,2,2
56,2,2
55,2,2
56,2,2
56,2,2
55,2,2
55,2,2
56,2,2
56,2,2
55,2,2
56,2,2
56,2,2
56,2,2
56,2,2
56,2,2
56,2,2
56,2,2
55,2,2
55,2,2
55,2,2
56,2,2
55,2,2
56,2,2
55,2,2
55,2,2
55,2,2
55,2,2
56,2,2
56,2,2
55,2,2
55,2,2
56,2,2
56,2,2
55,2,2
56,2,2
56,2,2
55,2,2
56,2,2
55,2,2
55,2,2
55,2,2
56,2,2
55,2,2
55,2,2
56,2,2
56,2,2
56,2,2
56,2,2
56,2,2
56,2,2
55,2,2
56,2,2
56,2,2
56,2,2
56,2,2
56,2,2
55,2,2
55,2,2
55,2,2
56,2,2
55,2,2
56,2,2
56,2,2
56,2,2
56,2,2
56,2,2
55,2,2
55,2,2
56,2,2
55,2,2
56,2,2
55,2,2
55,2,2
56,2,2
56,2,2
56,2,2
55,2,2
55,2,2
56,2,2
55,2,2
56,2,2
55,2,2
56,2,2
56,2,2
55,2,2
56,2,2
56,2,2
56,2,2
56,2,2
55,2,2
55,2,2
55,2,2
55,2,2
55,2,2
55,2,2
56,2,2
56,2,2
55,2,2
55,2,2
55,2,2
56,2,2
55,2,2
56,2,2
-1,-1,2
55,2,2
56,2,2
55,2,2
55,2,2
55,2,2
56,2,2
55,2,2
56,2,2
55,2,2
56,2,2
56,2,2
55,2,2
55,2,2
56,2,2
55,2,2
55,2,2
56,2,2
56,2,2
55,2,2
55,2,2
55,2,2
55,2,2
55,2,2
55,2,2
56,2,2
55,2,2
56,2,2
56,2,2
55,2,2
56,2,2
55,2,2
56,2,2
55,2,2
56,2,2
55,2,2
55,2,2
56,2,2
55,2,2
56,2,2
55,2,2
55,2,2
55,2,2
56,2,2
56,2,2
55,2,2
56,2,2
56,2,2
56,2,2
55,2,2
55,2,2
56,2,2
55,2,2
55,2,2
56,2,2
56,2,2
56,2,2
55,2,2
55,2,2
56,2,2
56,2,2
56,2,2
56,2,2
56,2,2
56,2,2
55,2,2
55,2,2
56,2,2
56,2,2
55,2,2
56,2,2
56,2,2
56,2,2
55,2,2
55,2,2
56,2,2
55,2,2
56,2,2
55,2,2
55,2,2
55,2,2
56,2,2
55,2,2
56,2,2
55,2,2
56,2,2
56,2,2
56,2,2
55,2,2
55,2,2
55,2,2
56,2,2
56,2,2
56,2,2
56,2,2
56,2,2
56,2,2
56,2,2
55,2,2
55,2,2
55,2,2
55,2,2
55,2,2
55,2,2
55,2,2
56,2,2
56,2,2
56,2,2
55,2,2
55,2,2
55,2,2
56,2,2
56,2,2
55,2,2
56,2,2
56,2,2
56,2,2
56,2,2
56,2,2
56,2,2
56,2,2
55,2,2
55,2,2
55,2,2
55,2,2
56,2,2
56,2,2
56,2,2
55,2,2
55,2,2
55,2,2
55,2,2
55,2,2
55,2,2
55,2,2
55,2,2
55,2,2
56,2,2
56,2,2
56,2,2
56,2,2
56,2,2
55,2,2
56,2,2
56,2,2
57,2,2
56,2,2
56,2,2
56,2,2
56,2,2
55,2,2
56,2,2
56,2,2
57,2,2
57,2,2
56,2,2
56,2,2
56,2,2
56,2,2
56,2,2
56,2,2
56,2,2
56,2,2
57,2,2
56,2,2
55,2,2
55,2,2
55,2,2
55,2,2
55,2,2
55,2,2
55,2,2
55,2,2
55,2,2
55,2,2
55,2,2
55,2,2
55,2,2
55,2,2
56,2,2
56,2,2
56,2,2
56,2,2
55,2,2
56,2,2
55,2,2
55,2,2
55,2,2
55,2,2
55,2,2
55,2,2
55,2,2
55,2,2
55,2,2
55,2,2
55,2,2
55,2,2
55,2,2
55,2,2
55,2,2
55,2,2
55,2,2
55,2,2
55,2,2
55,2,2
55,2,2
55,2,2
56,2,2
56,2,2
55,2,2
55,2,2
55,2,2
55,2,2
55,2,2
56,2,2
55,2,2
55,2,2
55,2,2
55,2,2
55,2,2
55,2,2
55,2,2
55,2,2
55,2,2
56,2,2
56,2,2
55,2,2
55,2,2
55,2,2
55,2,2
55,2,2
55,2,2
55,2,2
55,2,2
55,2,2
55,2,2
55,2,2
55,2,2
55,2,2
55,2,2
55,2,2
55,2,2
55,2,2
55,2,2
55,2,2
55,2,2
55,2,2
55,2,2
55,2,2
55,2,2
55,2,2
55,2,2
55,2,2
55,2,2
55,2,2
55,2,2
55,2,2
55,2,2
55,2,2
55,2,2
55,2,2
55,2,2
56,2,2
55,2,2
55,2,2
55,2,2
55,2,2
55,2,2
55,2,2
55,2,2
56,2,2
56,2,2
56,2,2
55,2,2
55,2,2
55,2,2
56,2,2
55,2,2
55,2,2
55,2,2
55,2,2
55,2,2
56,2,2
55,2,2
55,2,2
55,2,2
55,2,2
56,2,2
57,2,2
56,2,2
55,2,2
55,2,2
55,2,2
55,2,2
55,2,2
55,2,2
55,2,2
55,2,2
55,2,2
55,2,2
55,2,2
55,2,2
55,2,2
55,2,2
55,2,2
55,2,2
55,2,2
55,2,2
56,2,2
56,2,2
55,2,2
56,2,2
55,2,2
55,2,2
